{"Qu": [-0.225979, 5.106644, -3.584562], 
"Qd": [7.236554, -9.22033, 6.03825], 
"Qs": [6.25266, 2.272365, -9.3482], 
"G": [3.069997, -7.499759, -0.674184], 
"G2": [-0.113207, -1.364405, -1.502932], 
"Qt": [-1.377371634765212, 3.535025907574203, -9.170842632440374], 
"I3u": [-9.520457027112393, -4.617869971488291, -2.4710908279233967], 
"I3d": [-1.8815842376070457, -7.853143994967096, -2.924533734952117], 
"I3s": [2.4853033112017497, -6.575642303404086, 2.491165147871075], 
"I3t": [-7.7932986832698266, -8.56455898158808, 0.6169123688189293], 
"I4": [4.795857462081255, 6.987641713994024, 1.2643496533891763], 
"I5": [-8.402075629071756, -3.7133289915546253, -7.953477724518791], 
"It": [-8.764173522241645, 5.95592131175872, -8.814696346518724]}