{"Qu": [-0.225979, 5.106644, -3.584562], "Qd": [7.236554, -9.22033, 6.03825], "Qs": [6.25266, 2.272365, -9.3482], "G": [3.069997, -7.499759, -0.674184], "G2": [-0.113207, -1.364405, -1.502932], "Qt": [-0.7243129707150087, 8.933930996887543, -6.782171817135101], "I3u": [3.9726763919561137, -6.1739941760265005, -9.52081113560558], "I3d": [0.2105530209259454, -4.2764498271183715, 6.6001682634632886], "I3s": [-4.661562690609595, -6.602323815663205, -6.832902217833192], "I3t": [-7.642887847079923, 1.3041340169824056, -8.148271286053], "I4": [7.1390004344806375, 8.204216993721648, -8.684244644294148], "I5": [-4.703093155090601, 6.181675776554854, -2.951174585083427], "It": [3.6704876772115824, -0.6794101014813414, -1.6972223045458357]}