I3ueta,I3us10,I3u1,I3deta,I3ds10,I3d1,I3seta,I3ss10,I3s1,I3Teta,I3Ts10,I3T1,I4eta,I4s10,I41,I5eta,I5s10,I51
7.689062826789971,0.7792971286315993,1.5646056784797047,-8.856879224159995,7.791283572183104,-0.19929782058866152,2.306965348397531,-3.5306470577143,3.3392081600706405,2.08526267949682,-9.609143976832993,7.8790118977747845,1.4495659416980011,-0.43161758216115587,-1.9521216940853225,-0.09222655411507219,1.560077917418468,-5.218034302534749
3.508176763188853,8.793359894413243,-5.426820215156816,-2.5440812796819667,-8.032681247211034,8.426459548864035,-6.979015684093024,-4.719425778172819,9.398864476190461,9.670856621512762,0.3965494119025479,0.7308107781250133,2.0284721506418357,1.4075368755904076,1.1921266318585282,4.043714915509325,-6.7194770161615525,-5.05991905925317
7.531989971957227,7.671809170236386,-0.44633534525919494,-7.2477378679772215,3.1217896306616453,-1.7736446403373147,-7.833689973503795,-1.7643077269014658,5.923197610795585,-5.2608754176133115,9.324016439201628,2.089982114388466,-5.170416184181981,8.83191365560117,7.272081483285518,2.5063573524767495,-5.162031314651858,-1.4392280988191786
-4.977327595119112,3.971432185880129,-4.482074050813363,-5.154980167913172,0.23769622649983901,3.426990056124735,6.729813203087637,-0.8036569962746007,-2.000842658537114,-9.726504873613644,-1.3949809238087312,-2.9668372959349547,-7.7826512325955495,9.458697331226642,7.368054931912649,-0.8236876042708587,0.09227832370726574,-0.25081002172466604
-0.7216811380808643,-3.328052451302299,-6.354395424335195,-3.0501533537906544,4.950501320637651,-3.882375420096449,9.967242599578498,-3.5568420083910475,4.502145022309385,-7.190316164733657,-7.1771463928121015,8.60723143896087,0.31429164563158807,-5.012008128279401,-6.415055437431207,2.440368655413913,-3.4755530721106958,5.598721382985074
-9.48843428536634,0.919880926974475,9.356436809485825,-2.935802359998032,0.24945786757817245,1.4939872919795363,-9.855602713417566,8.527013860702304,7.554309324349248,-8.295378283459574,9.754148922251726,-8.959813363116426,-2.5893667967574103,-9.842285862111403,3.7182895897116524,-0.1873016620524215,4.919060563542139,6.536858721497186
2.5345372528272208,7.329593610535486,4.052797512916534,7.633230320953306,8.701036414718125,-5.005044412873398,-0.5456339127004934,-9.378998178273763,-8.087547067901529,0.6527205820188176,-4.5570464052798005,2.918500126736996,0.8032891050804487,-8.84773292959757,2.5595115035858544,0.17426064390142315,0.14159744357808712,7.204329999486706
-4.293137042358113,5.438138628346392,-8.806659266992709,-8.889765076706919,6.93854539861675,-5.149632734595788,-9.53740087169136,0.8425450486371275,6.093757008080722,8.543012078293316,1.942560493472655,0.8848491078994343,0.7933334240864038,1.8941050667547081,5.831829547078373,4.444272679073931,-8.697119040136325,-0.6598824854367393
-9.007267206331285,-7.965527596526472,3.69786833207125,-7.069409022438942,-1.085346888166157,5.701566986982794,-1.212074676516238,0.3102571647829855,-2.813926674290485,4.989251715504267,9.466045455367524,3.0316526291023056,3.5476040090172507,-7.0354881414435155,-0.8403352574926615,6.874908099427518,-7.69729968416425,-2.257149797505318
-5.14731852532242,3.4857276091960987,-4.779224249477045,2.419083480306165,8.23297588700617,6.650446908377955,6.13567766766327,2.0237716925505254,-3.1113549452591505,0.9420032735254615,-5.772666288310242,9.50264308100613,-0.24056418787832534,-0.9919522774101512,5.0877036458682845,0.7586298086915768,-2.6070781953858813,1.6069312523105026
0.2282404386371546,-8.931059008177067,5.182538257841355,-8.002023864795936,7.4105148288880365,-0.169089461145413,-3.6668390380889164,-5.298393890546331,5.374042581108542,-7.798935435043671,-4.071976395985557,-9.468004743617854,-3.0233772714218166,-1.2997834786281697,-2.1238050544078106,-1.464076491120041,3.009743150002816,4.549851137027014
7.557852866750011,0.8835189181310561,4.56223527112215,6.700506023493784,8.842777383941524,-5.570401074061017,3.777434082564497,4.147298879316272,-3.7116090637198784,-1.9936848185406948,0.7687504026865604,-8.087164512564932,-2.8950232342260946,-3.211551290810986,6.895793911752385,-1.505443813544435,7.0812841181402035,-5.493884347531459
-8.248441551675477,-5.742477984829446,1.8761334664529823,-7.245687996674799,-3.6005903661824394,-8.0964706833273,-8.279500980412674,-9.660202787464605,-9.327059480382779,-8.552404418236048,-1.9582201916784925,6.292564350364817,-4.7107040714277915,-2.3669794673554616,6.829003216832106,0.959364708667664,0.8976190083281068,5.9978973203569215
-1.187393579064608,-8.614480019955721,0.6828122942658847,-0.06144040326625522,2.2750355957487596,6.657257956517352,-3.2598223003017734,-7.81134520349209,-5.3304847233688175,-2.8520899633673436,-1.0848248597571768,6.075366380830673,-3.683828511149816,9.053562994759897,4.468627427658863,-1.2059356717765226,-4.382066744438109,9.352725011494872
6.964458649358946,-0.9677977210619559,3.1075224301727093,5.016629720924485,6.675964851186322,0.11754504598450666,4.921123226362958,-4.842367506009728,-8.389415961821129,-5.33200129967577,-2.5000401155382264,5.274991460678054,-3.964662668496299,7.26575693927931,2.8613200876311513,-1.5382442768604996,-3.0836753432855772,8.260125561752766
-7.9460777396569355,4.2525473731536305,-7.991040679331545,7.731778319300034,-1.3897275895325105,-6.950481951430274,9.785710792359904,-4.257616499023449,2.217797880026037,-5.023718655671785,0.5435039827067918,-9.748097829411046,-5.522228441715011,5.347292650404775,8.452851298096405,-4.320036011187889,9.351291204640482,-6.5157266504033595
7.344024435313948,2.8998001775680375,-7.877844794783339,6.707178570227921,-6.929255626205135,1.6890921530368601,0.9795644464446092,-3.6246673172436257,7.97236468264699,0.3345315911070337,7.3151091787309035,-5.40728060546013,-0.3349241078425216,-6.633741089303471,4.777126888963236,3.097913257768683,-5.779008812585329,9.230553435705986
-8.02930945512754,-2.812566459686092,-0.8935172177035362,-9.61397314586479,1.810041766141321,7.44548362195253,-8.837910899082452,-9.914767946311276,7.243984914731641,-0.4514516463340552,-4.5216418611177716,-3.1117990547024155,1.1289982453833396,-5.072111920186078,-4.106785435234405,0.3654945849496709,5.90958561572047,-7.279084622061389
5.410475604439281,-1.2506521333121832,-5.927110308725625,-3.845885216392773,-9.600693231037544,5.83530643825279,-0.4010691348043913,1.4835418398043192,7.666744698734437,7.66858442376083,-6.66884111109211,5.68112932393759,0.17424325796949702,9.737775749920953,3.3576044857532175,-7.99050398070656,8.324870113933617,0.6669586390503959
1.1144668390516177,6.93173873979736,-1.4955567624657,-8.97728324415234,-0.2678699895295722,-7.328655802272106,-5.399588443109744,0.2624865133049923,1.023179035546221,8.767416308334745,4.194089136470552,9.474226634874107,1.7912917283270708,0.6438139566802175,8.507002871777697,-2.41492910295624,4.837038425394098,-2.738109826697082
5.043103942137428,5.935910285303027,-1.7540135714452596,6.916753725542868,-4.139375772964698,-2.0472704311430245,2.6850386878418036,9.488651372947984,4.089478810305465,-1.4647689548671199,-7.176050288543792,5.1211223973407165,-2.17780726376753,-5.981708324945803,7.233129268317221,2.020321623970487,-1.9013389442872057,4.007430750894915
-1.1595038617795304,-0.2996172053083779,3.4794551900661403,0.7836589584168134,-3.2114722366583814,-8.850980989115396,-5.2242902344366104,6.579406089717452,5.393438775052882,0.08863703578152737,-8.561659634239515,3.4404264594293714,-3.9640856137731673,5.68526042270002,8.489425998382877,0.10793994349710445,1.6240100887130726,-8.867923510823621
0.6739773847240613,-3.1313395184573185,6.101993974079619,8.841611836299201,-0.6394702502218124,3.2529234363648243,-6.02343424626735,1.0064176046571287,-2.3559944041541003,2.52867248749296,2.6673703407027034,4.0946557599263045,1.8494974831366129,7.827702499530883,-6.088778515323227,-5.666188676981925,0.8834748552110199,9.285650578723008
-2.65350397115105,7.529540530820814,-3.3175044680926513,-2.0066350418638645,-3.6330851067154013,8.184719203283215,0.27091403586005036,0.22459375833529904,8.816415460925384,-0.8758904332970641,-2.3902072911256873,-8.975339848132895,-2.2418896790555243,-7.4608979621368015,7.151404546734,1.7443710554893492,1.3795048754404675,-1.7729205430869062
-7.0310538984168325,-9.94738575531432,6.668959575940658,-4.869448975130513,2.0953013844002317,5.683834524960574,-1.9825753733208114,-0.3123603082323072,9.382911336558074,0.514625851852502,-3.569286412452781,-7.006159928742437,-1.4091860865245955,9.506510857755732,-3.681961042482178,-2.3500179672986343,-1.809166107828979,4.417222968282955
5.1742981445983,-6.5672403081557995,-1.7736400630895766,-7.798998741406809,1.8840417038336597,-9.016516981066866,6.997819919733157,-1.0643637613396066,3.3295063364504003,2.2467901336814187,-8.70979460416516,-1.6286088659774798,0.17949687108533574,1.1558549067987265,0.3300342542687318,-1.5455016635587686,2.010268987968688,-1.914632311196545
7.209158712488044,-5.165204499488589,4.154257861750516,4.37521215307431,4.13836708960636,-0.628654209368861,-6.445058922010693,-8.632316678931069,-1.6307733983443597,-0.181611784474212,-8.445934787954027,5.64591784221637,-1.4561376682692906,-0.12157658903980462,4.299963688458785,1.0053400888587092,-1.2395222376443709,-0.8028229771624744
3.4094277662378847,-6.366111216313115,2.24615093447162,-3.255816395612678,9.063363832584656,-1.0978119212788133,3.778440806640875,3.7025355829739865,2.9921141845883508,8.618527483524911,0.23040249889614905,1.265420598126596,5.35312195629076,1.2943624864829602,-7.373710497737653,-4.6650558782525176,0.9777811985050615,7.047152968236713
5.096453028408215,8.329413041170042,7.806440385044468,6.5022810873580426,5.484855399580644,-3.74265064326244,-9.57633575920732,-3.7011856609814124,-6.974571503965428,8.89039565414673,-0.2473104703937672,-0.2197347529151461,0.7800433312445918,-0.4031454319250507,4.751453100387597,2.942666060885081,-8.367352187414092,6.264505893052405
9.735229036190784,-5.402145999533761,4.90946135695472,6.077930649806078,-9.425044010417468,-7.9415198471157105,-2.521472004267129,5.549442300224328,-0.5391177988317537,-8.816447709433987,-5.40511066720809,-6.664979488861151,-4.979357191396336,1.4734529898147883,1.3994945402076358,2.1009963550236517,-2.0937663431284044,-0.23921637619162617
0.7512811417499279,-4.646542875902748,-9.949208308357786,2.311808778562021,4.975464238700253,6.61163460279915,-1.210819575778327,2.680412242418374,5.176327541157846,-3.2078340347620626,4.611703667838089,7.334824898656237,-0.04295007640803661,4.563216475157084,-4.516434414355183,1.77545965406118,-0.32119946787540954,-9.022845526369887
-6.737369293046251,-8.770062940456484,1.4702612583090957,4.744677034276897,9.987368855432006,0.19045122370012635,-3.0062187175630513,-9.908583776438682,-5.560355150540522,9.774565971033631,-3.699878564390408,-2.645501913022656,3.4203784983082386,-4.6549021705758875,-0.6697502175849621,-0.20093176459692685,2.9610711139256534,-2.432932740025125
8.211699063325764,-3.240340476462988,6.631353671778093,-8.38171446639933,-4.334032005417998,4.328103789433435,-7.997304178300375,-2.4977643463504196,4.711793063658158,-1.9707205951281637,9.574559997290063,5.842384388454329,2.451979267377258,0.7652812130555517,-6.03308926760236,-0.22683883543506056,2.6143385097757417,-6.780182356615221
8.289750109556767,-6.938666177245545,8.951350128679511,-1.1235013509193408,7.209927788324929,-0.5788681343946056,1.00005957577096,-7.730386713774619,-4.529994934481434,0.00464715496668866,7.2750788458598095,-0.047350375849038784,2.0643438834293786,-0.6259627463624362,-1.7414772001987515,-5.269838361984638,5.593297939761843,5.8048033116323605
5.631602403681683,6.809348029044486,-3.5042458381355495,6.65091376492747,-6.696905746519802,-5.864445774982887,6.449639561124247,-9.807838065235881,-8.593701630382235,3.7322508794347247,-4.290387580541588,-7.388836201688617,-0.25137454734816167,-4.3951822853843066,2.8079791833129057,4.402549646045838,-8.914122815518269,6.84705463211812
3.5783856017072573,1.2276837981534285,-5.85191124850766,-8.554198190434562,-2.4353760375904994,-9.142955715845634,4.792702920927692,-0.6388090097601591,-2.064168734225589,-5.842609762567865,3.228451565087928,-2.420180624612791,-6.445313252741993,9.4897917091869,8.930616023004202,-6.162893711953634,5.671173503116158,8.489758918667324
1.1894728537281587,8.719536404204845,-1.641853177122325,-3.07156940489447,-4.966879875907977,9.513600301488694,-5.689036133765022,-9.02165060746646,9.727158712587457,-5.547457318402492,1.3754556761691852,-2.5163525100796953,-3.878700943239936,-8.40538262533566,7.562715727753822,6.187737479691112,-7.0199637705190625,7.665149470126984
1.8140978679122828,-2.6942394604960747,4.225383490765665,-4.621258058854183,4.404662936684298,0.25436801674212006,2.5046796260494215,4.928914537366884,4.477028407572217,-1.9230419016471743,6.143564085314914,-4.142403248895952,-2.4540340294333767,2.935145981949992,4.694983637717037,-3.489379804340979,8.760238527240858,-6.535213426079125
2.262648187718554,-3.2616680263052222,-7.903445078682198,-3.9632476149210554,-0.6454252043702873,-3.985117603221269,5.141929248404546,-3.8749043590049332,-3.906692224082988,-5.255073662763802,-6.7910902485443465,-2.3902880688684247,-0.26584081001667137,1.2086780542087823,-7.7135406204816555,-1.6214917354853142,0.18299219041828252,6.418940025856571
-7.982830366568039,4.564526165370776,7.368672638270976,9.94915264200258,5.816288760450556,-7.315740448929635,-5.775074199314176,4.765714248461547,3.272487928245539,5.01517145177427,0.5297765061168498,2.740125005419751,5.135135483254089,-7.591542666147999,-5.944631088380947,-4.244443107180325,6.125940304537409,7.538621321496919
-3.010540076852248,2.342811138868356,-1.1909367426577582,7.296267682906745,8.268275268973369,-0.2947670062743697,-9.550463948583225,-8.576820758959913,0.6813581018218411,-7.9147851336755215,8.332619038255508,7.4486320493677525,-4.352793399157251,9.285437174233945,5.179178461478067,-3.1080271280765697,4.67266018084289,-2.288704410142765
-2.920805565773607,-3.126588359751155,9.237548993017278,-6.4294390427875765,7.1161799671628,-5.522910198443121,9.77031108644163,3.73376753988574,-5.85855261054375,-7.289568383449914,-4.60039416356431,8.157516389021382,-1.5082275345677623,7.494362778731698,-3.831914915024619,-5.873020356125149,8.659869999438254,-5.551806399973012
0.467640699705278,9.089399897348024,-3.2127591508528885,7.461418632621168,7.721041005058865,2.4399675648693115,3.9396482674755866,-2.129371741276163,4.2209591856123385,-0.7913766843812766,-4.04273272693759,5.845287983323024,-0.16325835613537976,3.533521692824122,1.1772175175574482,-5.019012390246829,6.114134455634474,-1.584257569664615
-0.7807041242762089,-1.5170328716170154,9.827708520199405,-7.4769961939859435,-3.552058937810094,-9.266079540161103,-1.1411745195886454,-5.040152324690091,-9.719051312500248,-8.51413632259411,1.0560094730744005,-7.495587972204745,-6.289595505457768,5.732320717444852,6.277653045305328,0.803353304956298,2.15656629567137,-7.376683101989041
-3.6327944270007446,-0.6910789962198187,8.43770258740635,1.2274747504711296,-2.152843247991414,-4.972501411340568,4.608635009378261,9.789535629503202,8.65335678505462,-6.335524595589521,-4.791494240842507,8.945306940893325,-1.0529916544911906,-2.872642899368982,1.8119944304686442,-4.944956607785689,9.69331773052798,0.44292168855746716
7.619760456810404,4.951788378811695,-6.309505435027605,4.3374667755379,6.154732535175686,5.6812752337442785,6.869526690304561,-9.740368537104931,-9.063183436433262,-6.725757182212185,1.8912901021394255,6.989342850088892,-2.3731061846749,-0.32193427399824337,5.900585070656145,-6.06874417880388,6.740257267531906,9.367120836827375
-8.916494413606216,1.8226086605574654,0.0179284973895264,4.533741003314315,8.802424803706892,-2.0674387924565725,5.3833341907538586,0.7672832891970316,0.6796352769611538,-0.6934952470303948,0.08535290788976724,-4.429187844320213,-4.332326958074935,3.138497699312424,9.72291620310434,1.0745778384250855,0.05211910615973636,-5.168941752739087
-4.342850057539502,-0.9986301052035156,-1.5652019856908552,-8.748303287340738,-6.532292412261831,-4.437499881771581,3.3540840841529587,7.108091806161504,1.2285022182204148,2.7149538149156633,-9.853146121543304,-5.495444684950086,1.0436027512094341,-5.83028035532138,-3.605792073887062,4.781925151827377,-2.634132431974261,-5.15637716152699
-1.3262081802320154,-5.834612921182272,-3.8365482831726165,6.260884719805446,-6.650886864517915,7.967079755206662,-6.281904074563354,-4.330251746118449,-1.537968483235332,-4.484128366485445,0.03060361339746187,0.9276567960535491,1.27838306116724,-2.5719260455497857,-8.808036425641884,6.268164635169381,-7.755822763425386,-2.953970363087482
-8.17764549885075,1.727385916386094,8.574436357451557,-2.06026440542278,-7.203402722914694,-7.269373698725097,8.98000312454878,-8.4084796539105,6.101283807834225,9.490824103881287,-4.506821756622896,5.4154495484710665,4.547286104575852,0.02154863953902897,-4.148808234364636,1.356609742175035,-3.7919240477020892,-1.9443364184714973
5.519637628134294,5.188684806051221,-2.824273592907362,-4.390415815798574,4.951474850752147,-0.9233771243227622,9.415116277217198,6.177864874008371,-7.312230994903636,-0.6595688265918458,7.033835380382417,-3.460358621728103,-1.4881042173902088,-5.4326929978155185,4.546867257881122,6.685363297583123,-9.997116399716678,5.2070134127465
-4.3798916728016035,-5.063077915589553,-2.492804424928523,-3.707570447621027,-3.523728549179504,8.51806519611769,-1.0254842930318127,1.6357655020922728,3.0109355691888755,-3.119350468551348,1.8068915670704406,6.127862686797307,-3.608604758092298,7.944239957670209,7.455041535149842,-1.193842650714675,-2.5494889081818712,4.731182856323958
3.1858912521141907,-1.2033277847950412,4.187770109862342,-3.272199443941581,-1.0762359530742245,9.833070333493982,8.760703955810413,5.990716064984925,9.210092761842205,3.6127310079942987,-0.9784471107964272,-3.5142231648534246,-1.5754704341358288,-1.5012647334993332,8.302639483255632,-0.6439039496905892,2.9305769062789935,-3.5531918211273776
8.40884550520116,-8.975289942163068,6.302284391609689,-1.4332248169448185,2.1149930220196733,-5.451237640744926,-7.706507153923994,-7.940903649423435,-4.500270334688652,-3.1806870205155775,-3.371721290834633,6.073849476492516,-2.050080315624454,-1.9028310127704984,2.2103953086986383,6.9973443243610625,-8.850823233971902,-1.9121872421432702
-9.862130265158779,1.9643413387916908,3.5039617997585015,-0.7612164077445254,5.772997870468171,-3.3030057358709524,-2.1926254318759497,8.06558592911533,2.7130862770732236,-7.138765852391849,-9.164344643497218,-8.819880755549779,-5.583328755607981,4.377262644649942,2.9714410515289753,-1.6312844966041133,-0.7027050926780696,7.843927027105526
-5.996002505122966,-7.764956111460828,-8.753291823252509,3.553079833017632,-3.245277771121482,-8.960147801275966,-0.710596017702585,5.421276885090601,-1.0777496715937307,-4.66662892619409,3.5319150208782,4.976392039129729,1.1054911215582575,-7.9302871035014615,-5.537845686007539,7.811368586805749,-7.383183752041327,-1.4983141500480421
-6.279442815168035,3.0522061228077924,-6.652900136074493,-2.09157882258737,2.7584655585746827,-5.300956241700668,-7.178130517327785,5.446041382866213,-3.851028747248792,-3.2861283428203354,-6.326611867653229,-9.186567597444654,1.526922596513959,-9.877254153322163,-8.2285089671696,1.1175048342264802,6.393132805909666,-5.584570973191205
-5.690901799052437,-1.177340767896096,4.423868188723162,-9.101294691155651,8.159508719962279,3.163111497224678,0.05989898927506587,-0.9872779507907978,3.172369809587739,-8.635747738341799,-3.954806646844659,8.913005160583804,-3.16066711367543,-6.597838585044276,5.283517768000625,9.30200202738229,-8.967386136604569,-6.269768269077069
0.8795784279058854,-9.732391387271402,-0.563412754555392,7.035285371556384,0.717286026565267,-1.212944335719321,-6.8117966116136675,-7.837057912313132,7.401240898269879,7.134153480152488,4.099234207205072,-5.328307165296746,3.4150419574802466,-2.688186342593422,-5.097298623766027,1.337292461161967,-3.8786124907869386,7.548120898854492
0.28847226571329365,-5.873658984999266,-9.971889902999575,-5.196821467833697,-8.40553345942965,2.8919236666971493,5.265605203746752,3.7956854448597,-7.317081442608496,1.1118528303303314,-1.3590834919522514,4.7184056818771865,-0.501219437673635,-5.258956048662668,9.3505275911389,2.114630184042319,2.92970413374967,-9.142874911212541
-1.1694566351373226,-5.517886615534402,-3.9142269406442054,-2.298438073981237,-6.985465484575155,-8.358926926701935,2.349444241991721,9.412098533947983,-3.284737477113902,8.42061771349162,3.1925082463814185,3.1150779506526263,3.647553738818319,8.619057387310008,-6.408807810835895,-1.8868931538930624,-4.129617568548925,4.999642754588773
7.660890289216468,-8.13905028517186,-9.212318657200392,7.564082822514333,-9.099397750131669,1.0669045781299609,-9.263454459802942,4.703288061823361,-7.726697911248531,5.722210385522104,-1.9762323414683447,4.0562210351895605,-0.356603478706468,-1.2269629014724721,6.962567782399752,5.377293450236287,-5.1863819139986305,-6.55106254500569
-4.564642965748167,-1.8505482422492676,-8.053819128136293,5.812861348518032,-9.06922166367629,-3.1095347952686385,-8.183913426371952,1.6200002988828661,0.2418800785119295,5.20701684270988,7.388090625684818,7.6419405660937585,2.626736664141756,4.585995059368411,-1.3544855328132233,-3.1510099256384123,3.114959829091731,0.8127822402191658
-1.04031190962335,4.28668644860508,6.297893699468961,-8.072640840499037,1.6407386767706242,-4.344180531557833,-3.976707186603088,4.957719638299626,-4.268178927930939,-8.972755967560671,7.606770154114283,-7.209209690137428,-4.816550609577512,7.285109947535378,0.3325528786173848,2.2583429459577324,-2.433032222262039,-5.1040897814141095
1.5282987514935442,4.849605833241032,9.908449510305573,-3.4534429809044287,8.364505796449432,-7.568171715985901,-9.282429629333528,7.3076625961492745,-2.4411618286865533,-3.302222598229159,-6.70825577296678,-6.074054316274077,-7.10768179458298,6.269001809083679,9.843235593332718,7.327634116786427,-9.846879890976393,-8.041083997341573
-4.448260235030315,8.2784533076148,8.341713677176074,3.911919726375782,-1.6861451629324478,-4.915088672672974,-1.2549865395354125,-6.222629442307966,-5.748024570585497,0.789022499721046,-3.093810016967627,-3.5752064682028166,-1.1491609800242806,2.4359283950685544,1.8239812269510036,-2.047651777118766,0.1663764096514555,4.674631825935149
-5.7016177827947505,3.011609237207333,-6.059932704223046,-7.699174589490447,-7.692262833598555,-9.001874255518594,-3.902652284798269,-8.434295082478227,4.4997272300443,-3.458736881166791,2.2934770918547986,-9.628007809371482,-1.8695328106167715,0.01812396876104394,1.9987502662317258,-1.778582391011394,3.809161010803736,2.3329666631220665
2.245475054934868,2.9373982043557323,-3.7320735383184367,-5.51778908040681,-0.8226030250003724,-8.856397423658231,6.215826329856725,-7.513911434300411,-9.900409178020906,-3.019977310022826,-1.746353687757603,6.89209116295843,2.8953320052464253,-6.677742649535448,-6.812926507674497,-1.455292675703049,4.742800238693679,2.6739162350677326
8.029214460380793,-8.552629553496917,-6.549297544417907,-6.213393732332908,-2.641072727489446,-8.086943229473002,-1.3727648377035262,0.6114945983148186,-7.541549405305821,3.031629244214882,-0.004483361495504212,3.636837876277399,-0.9143917748794266,2.8887682577590894,7.734648918083728,-2.771602729001663,2.7318626966504667,2.9452085904147456
2.66237614454635,-7.454128898366514,-2.0212489893267493,-1.1189777305185125,2.8547723744674176,8.288645655844785,3.455117873156052,2.8197109961927076,-9.877375873158352,1.2115395232444044,3.4635338100364788,-1.3947175769049753,-1.2154317610418293,8.932741810716763,2.0714929010688934,-7.355190195798609,4.918523128118057,7.969162999968098
-2.032843799218826,5.4434840327556255,9.515168138330036,4.741174485970275,-7.127560350247501,6.186354183784452,-9.518222281029455,2.014657294531606,1.2694880850756984,-3.5261546001483506,-9.793261891689543,4.438733953919611,-0.8746690806877631,-0.7035040787727649,-0.6650205194726677,-1.1823607451640523,1.402419827660701,3.2871814661054533
-7.36746851927744,8.484241359637824,-5.823629242429016,-6.69595270255323,-9.883491253871966,3.9364833516842967,3.918315580237623,0.7499517000794604,7.213606674066973,5.526146283241573,7.341007289835048,7.2798202923697986,3.175802201420016,5.0113153877293755,-1.6345740007658023,-4.45166352652109,3.803836251152573,1.2874381740039453
1.6855684056848474,6.140875693101673,-6.545692626856865,9.353519531305178,-9.591155403706171,0.9337840417398962,-6.539944248141656,-2.091799419968334,-2.3844651592116968,5.491581434715618,4.992781333673108,6.176075294092556,2.0705843488865856,4.7320133277046565,-3.618173658312571,1.675462661363392,-8.064605314126702,6.306418971558937
-0.6440913598205693,-2.873644652924936,1.3386722880898478,3.108064922778615,-8.213956085186933,-9.828213623828596,0.09231805541793747,0.9789295090884682,7.2483732783826795,8.8389266592233,3.1722242845751083,-4.2558607428907225,-1.2782222277449478,5.346448312230789,8.184232951087647,1.8392268109663945,-4.22857831843618,-3.5272134913832742
2.714871168631767,-1.9664287592337377,2.5208559678186315,-4.947615724328855,-7.912087628000066,-1.8316143669987266,-6.018095921597279,2.423078596154225,9.857535552393404,-6.380566171448896,7.247829109791134,-6.407684215632781,-4.853590940101233,8.266667893756015,4.007596424312387,-3.096999833155733,1.0165092357539791,5.60177476830177
7.1301058949414475,5.733887512651307,-9.59791932496455,8.37818614737133,-9.543227642020412,3.8428876737220072,-1.9021849027554936,-3.0127319333252345,-3.356272931646478,-9.700787252287547,-8.183259843606203,-1.3283694144643903,-5.476488036473148,-6.187353002796243,8.884714259702868,-0.2760424763495273,7.280902424008989,-4.619662001542819
-0.9369274713703284,-0.4461948079293183,5.796178743414572,4.7877300574894495,7.955168614619257,9.297175785492044,-2.2433077321987094,0.01639427075019384,0.2294169372413073,5.331505769505995,-4.980728610478716,0.07346385225121388,3.419416709465846,5.3678265830291245,-9.88678758211238,-6.049642598196918,3.1429622646988626,6.609560619380037
7.076546688931785,1.4485081204380013,9.933224311284079,-0.6947287202101116,-0.2982155590061737,-5.801058624436899,-6.996398183126244,2.7690740689235067,-5.337555667613152,6.1055828004299535,-7.886033666046237,-9.980287155845499,-1.429758124464545,6.486323554916112,1.998906366222954,0.3757944428323672,-7.319425876056515,7.009683394906336
2.7000063101123644,4.73186567922783,-2.9394239248364347,0.6564651897948615,9.85656355777235,-0.7658598451587988,8.425446443503077,-6.903935566293828,9.997868441337815,0.8975166819953309,-8.667575104041534,7.710354459877607,-2.8836230838708516,5.046703048109951,5.032070334938846,4.681744815095243,-6.88224709499532,-8.930989837663484
-7.40525279438714,1.0178910204884044,5.119819693077087,-3.148787920940002,6.95145274677855,3.5231828116252206,-8.00670874529165,8.497012011719647,-2.1008921410702346,-5.21845165646919,2.900504373323594,-8.522695799977392,-6.006131037253006,6.423506033616423,8.64374048866597,-3.361647673729422,6.448900973654126,-2.643287386353248
9.96219794989041,-1.588250498265607,7.629904452726073,-7.37412531032132,-3.685471796178506,-1.4857403610499595,-9.721608843599745,0.37336749604786235,-2.0785955582025935,-1.7595666335023346,-0.6826268151218446,5.926989340081846,0.46428121691621804,1.4484320287988783,0.5884016714927558,-6.336739465502605,6.939606105712073,7.430325791584881
-3.601436174748944,-5.300657051897282,0.8625530610738323,-2.7270574048300507,-8.87255671930003,5.022376551440468,-6.649141190725574,-0.7517056147523054,-8.585781591011619,-7.737225596933179,7.547241626898295,-5.639366469746476,-4.51228500507701,1.650697559358802,5.899029368476381,-3.294237383684136,4.270465122974709,9.083737810170728
5.363689493028637,-2.4301525081226405,0.5207304162631985,2.520279372213764,-3.4188301198381303,8.254898001118093,-4.1488958716252,9.516116071767929,-6.152066142049257,-5.519162948984859,-0.025288998851770828,-1.236659579545968,1.7130748151697865,-4.169923352616964,-9.38728523219513,-1.4041236921958635,8.424957832582077,-9.098382717406185
-3.14101321728558,2.776040101452475,1.4086194299995611,5.333546556041657,-9.383268192136448,-4.805291714693222,7.639130649052536,4.174836854877297,8.331565537959701,-6.956044977311251,-8.215015636375039,-4.318489633265365,-3.262288293834075,0.6726604623772854,-2.2154307013903196,2.7342370442565826,-7.516850463555529,7.988746760561472
-8.588557388998092,3.687652731002281,-5.879121755740329,-7.808429660389131,1.0169339259853238,-0.9876303104842794,5.784762071818578,9.968911256093616,1.31323472890994,-7.599765803011844,-9.929492367122549,8.286006546554677,-4.437785336725524,-1.4690829938832106,9.247382223657642,-3.047049656783458,7.869351665344368,-2.1831943962988243
0.06400076533435062,5.611618032931432,-0.6605803612928423,-3.721438692932299,-5.147285170973042,5.907259298254445,4.022299050679159,-2.464542750167535,6.619040438789579,5.8429991822609235,1.6557271493943997,-0.4995236096949327,4.1774060636286965,1.6947015696932421,-8.90543935354777,2.7725830466826977,-7.186539831471226,-1.416124876095914
6.747421890292596,1.4919797469562646,-6.337871140303011,0.031970463209701094,-1.1570799840621948,5.748124691631556,3.952545937409065,7.828075005366692,-9.827608651568234,5.286725694527794,0.2991649341264484,-5.5830053134627615,1.0985398605743573,8.917178674146129,-6.983946266466572,1.2229030944319437,-3.9192549176052687,-8.077762104565183
-8.216446717666145,-2.782711537725082,1.5704806386897658,8.856548383487034,8.403376570712759,6.846033628266589,7.64533900861494,-9.738117563928135,-1.6403843966990745,-0.990275311815175,8.377206439425564,1.1164502629029407,2.76885389476373,2.304276383481964,-8.741039989486676,-1.6941071657031674,-0.2793440278060615,2.4882209441080647
4.167984865007181,4.110074745539583,6.056047362654461,9.047800785816964,-8.558839189706717,4.563723776620723,3.516562478382415,7.575422749496504,-5.390443662284767,5.455777187759503,-1.202382307470014,4.020315823577755,1.5533211418373476,7.101499470181377,-0.4354386061491482,-7.224114402148993,5.21262562592365,3.5986395260230335
2.94626661390822,0.17772800726986304,4.534542819678791,-7.479025355300461,9.234027237141976,7.739365030219162,5.542564219044703,-2.3463037165991647,-9.893218195090492,-6.717614364711595,-8.787047390174079,0.6991980781620644,-2.7506932030720677,2.243130798762172,-2.0560565729943665,2.158530384098965,-4.875949096812844,0.5540736036824114
1.228758979106157,0.7022110347166475,-7.020316809983771,-8.53754375311145,-5.386881763193998,-0.5021383288215535,7.072185627854729,6.91050850161572,4.591866157007436,-5.644254379944453,0.23466798769519848,8.23952918570463,-3.722086061314773,-1.0894789822237865,9.159291402339754,0.8255987716373951,-2.8588150030420785,8.04855537344367
-5.112169445387009,3.6628526669409887,-2.1105662803936376,2.8319450929246077,3.0517645618271967,-7.972297753991966,0.3590285279921801,3.8820391420616005,-9.155658485538694,-9.473123079050595,0.20493828366515032,6.956030683437415,-4.201331601405853,-2.240617802351739,4.041881786591656,9.424470966903272,-9.835840257351744,-6.871594427776406
-7.595556977624036,7.2947721045745695,5.626243853651605,0.13427683806516555,-7.389824211086829,6.79722494811557,3.5753435215703906,-3.717720809517841,6.90052523741187,-6.728207877881134,1.5900582426121836,-3.0011275774756125,1.414437253897427,-8.043871809466129,-9.85453936190825,3.8270483642206123,-5.307255299139868,5.863119363475789
6.912396859120154,-5.4411035629551785,-7.782677684379915,-0.012658808568934532,-7.024112752437254,5.6522778693331315,-3.88928629346373,5.963139069490538,7.660884672700657,1.4004520348400344,0.5037794663977522,-4.932083915780037,-0.3107160046546298,-1.8461424969740055,4.051461375365031,-1.337615848334238,1.0873676528132883,4.391113213966037
-7.264246260569802,1.1828798720123235,2.3036568401709587,-7.140308178125709,-4.2357991005957345,-0.2350019760283235,-8.980145030406895,-9.107261986448503,-7.418504958701768,8.107786237383216,-6.247413687609553,3.7116851240799917,4.457483250401406,-1.8465433781403249,-3.737913011616585,-3.6617864027263476,5.100122571964871,3.4738638892813523
0.44704573336072784,8.192534849610318,-3.4519642991198136,1.0672348714180995,-2.5161675393098504,-5.395122259079277,-7.232807583942751,-7.189962584123812,1.9838541771795253,8.398591455304715,7.77843498702514,-9.14897809341703,1.603346249987478,0.11419733856934755,0.17094704516857284,7.176375151505884,-9.947867038190957,-5.814326166520849
8.976003703856968,9.088180628193808,-5.561811043383722,-1.2219356802279702,9.677695139869343,-6.897595223643782,-1.0500190992454286,2.765591220999358,-7.595522072763112,-6.702617215814744,5.807582868125245,7.843935039312274,-0.9114188076489143,7.817342645907324,-2.6616883223741112,-7.192532954943225,7.6308938053005555,2.4803181689269067
4.4826055999119045,2.7665416015575435,9.231284206866714,-3.0981030038048596,-3.705694164941127,-8.166139970970452,-0.6443294592099118,5.143158569793833,4.770006555290598,2.0789716805603753,-9.718626149537302,3.0773840429762203,-1.7415530815602978,4.393651648527481,4.773148163259965,-3.5373374040758794,2.5823124507674073,1.2631173884502722
-8.981723341899702,3.470111096556467,-6.137314117303319,3.029434923254634,-2.5375402691540145,-5.8085391083796285,7.318298164228835,7.269111635950473,-6.997201589899231,5.701383394497325,5.814308686326031,-4.1237565266413405,3.7366311157360776,1.898488513610621,-6.6728652295642865,-1.628396751638924,-2.609206063951506,6.261260815739401
-4.070186033789893,-5.1548950235531805,8.462061518290035,9.928576154286766,-2.030835058170812,-2.3561633116614615,9.29082987683535,-9.768447903237599,-4.642579730307965,-0.4994522142639912,8.463368333323317,5.6667444275289025,2.008488448843689,-1.1309046701714323,-1.2388673207449372,-6.980620603912476,8.554465008010169,8.203428904773755
-9.985050092626537,-5.060368747653308,-3.167980952151474,5.619458170103194,3.274254207616959,-8.370618258506347,6.198239536134913,-6.206732717607406,1.0275476656502,4.586137563763957,-9.126692000103354,-8.410014162772487,-1.6688684745386713,6.713450376400992,2.8796167867479365,-7.92826902642541,9.212431179243442,3.6536205391687453
4.580021626625339,-8.920344538044368,-2.5504637041389326,1.025246121620695,-2.8284443313811085,-8.858699395109639,6.625824446143447,-7.338684884008582,-8.170688985964428,0.27736562237952356,-4.144420772019599,1.0186373947100904,0.6688705530942265,-5.587742657316186,-2.034900467975163,7.43875060920535,-9.172246184460068,-1.2715935935689622
-5.263101570332216,3.599621181778259,-6.1564490579379605,7.708446753109822,-4.0211678065634775,-9.792059228161737,-5.810580139714321,9.354735781286223,-8.479457286982935,4.515280132908128,0.4097659211942748,-7.492385853208672,1.1222086965068723,-4.522817316737136,2.897032640842479,-2.088747742452746,3.385223608342562,5.15328881604594
3.1448236086015378,2.9726371540440883,-4.824473525139943,2.3576195678899268,-6.6751974603824475,0.9315230153992147,-7.892602850369695,-9.16083866662894,-8.307249417503137,9.362687456573848,-1.5683912337862882,-3.245043959889646,1.8828043453755168,0.3748600399472668,0.4555272327258386,2.9428070635536443,-3.5026846988393157,-3.864221514961974
8.763163989309064,9.690764183497961,1.0495907358541139,-4.382482711848548,-9.509513226734107,2.6270089842582234,4.108491662705545,6.434349389790153,4.376974710324216,6.253407713275461,-1.939668019549611,-1.6342001489372056,3.1654173129510728,1.050690715767864,-4.262904034322876,-1.562266787882189,0.5539755868308287,-2.2661542924744253
-8.37473503635702,-9.91611497628152,3.7721491817052577,7.153731987152813,-0.36969073270501873,1.0085660110013013,4.383230358873586,-8.370576189034754,-7.354377077171077,-5.123312373326101,8.363524108694335,4.363335500782908,-1.7662438479359537,-1.3896180881266513,2.7943159875896395,4.287440487284151,-5.914410837527484,2.5256038330181276
9.924760564387025,-2.7673881120539745,-0.809927577730372,-1.3773364803582986,0.1334528927442129,9.500466855187028,3.729942644995125,3.666663331180171,7.325829254400169,4.278030339798349,-5.698787210761629,4.981445936486981,-2.014802454957154,5.345936100010395,8.677431270807872,-5.715007253305275,5.658869777913784,2.788758519877435
3.0262065779993392,5.752193229042215,-4.560908013218839,1.9782222802887475,1.0608594491663368,-0.7884990443373496,-5.363742952123971,6.229947067526435,4.616517075843019,0.41368413986658936,1.418718666694577,7.692288018271551,-0.2958133515143686,-7.311515902295702,6.773285369270955,8.429661738354888,-6.39735040771503,-9.934479573185067
-0.3993176885708749,8.29838983220602,4.937593305634714,9.925291215937634,-6.166293261466116,-0.46068286904978706,-6.369484914297907,-8.034206772940301,7.11458547945017,0.4711116704049605,3.053622317778812,-7.139709206252385,-2.3323808214399495,-4.33141743153064,8.571151268425197,4.459363485868433,-3.783541617243083,-2.761187156528557
1.9240076184557982,-6.704916651431692,6.686456028769435,7.972663169650392,6.073864818922154,2.9409426024205665,-2.0482278175313002,-5.66000593813035,-0.5391856939745985,7.234907569893505,-1.2336354437306891,5.279647351393271,5.765710563182463,-3.2899841404803754,-9.25041090067695,1.732523691547991,-2.7259508920051356,-2.5187165805250427
-8.817269745738638,7.791432976542062,-9.765033110351924,0.27406978755375455,7.200255366198242,6.409451575580263,-0.7409395280452706,6.617534988872677,-2.0206630238823227,8.98858034700773,4.263044359655323,1.4091000823536568,4.233754997133881,-9.04302202093792,1.7646277093485807,6.843524042854842,-6.565812293051709,-6.059218650378528
-4.835744989504787,3.9525846939179115,0.14503701673343983,-9.97480091622797,-4.2128421302349235,-2.5738694721448834,0.4838413536957482,6.184897881816312,5.5359881379056315,2.655678499371035,7.953925306164052,-6.796694708854021,-2.652272213820752,9.162940180585927,7.81461022731656,-6.911883742674128,4.686252837653772,9.443802821513454
6.687144647929987,-0.7867339240187512,7.299468688175242,-9.197970692606862,-8.362640287800133,-4.29684642282119,-0.5483479188370914,-7.5308784349773,9.24279864527849,-0.752767902961839,2.387831524892679,-8.31302899420795,-4.448853814010276,5.831196792794408,7.5485028765815585,1.198920369708322,0.5494962156857781,-8.256756226902455
1.7736090160418136,-6.544547584862277,2.665484360447808,-7.352922801269592,7.725726763200733,-0.7966559729811973,5.528767800483163,9.734887458149725,-3.1108379053488955,-4.126953407157274,-9.287174733109671,-6.105338656874912,-1.6068841546666057,8.747671939189708,-9.880786081396353,-0.5814878829585819,-6.331359297133101,7.311945793698495
-2.0186845529027426,-2.654617512236179,-5.508020017240511,8.515663992506415,-4.890465049327613,9.285459914589143,9.933403346027866,-8.259494352354963,9.051567832093024,5.5365340870352355,9.767346686038927,4.550457653859672,4.352897414126266,-5.778085417845911,-3.6287392703212955,6.879822928657717,-9.054096397843406,-4.485895944652761
0.5397428034966811,6.483193146425034,9.207007598319862,3.4641186778050574,-6.052908076999122,5.6768412691505326,-8.231145712339531,5.364388238405237,4.0837895908608814,7.847624079798223,0.39823554437887054,-5.578173235294948,1.8559828071331879,8.4012755373416,-6.853368069725776,0.7162442316615287,-6.987535113189189,1.320515024122443
-0.928944775590864,3.4206188370682877,-2.3054890936631693,-2.725677456122588,-0.026054040966993597,-3.4449840683185995,-3.4515437333480303,-9.532139828599306,-3.4456109634897185,5.029570913738793,-1.108116445864864,-3.8675562658344997,-1.604188522150782,1.1535075870716422,8.738089257083555,0.7364369890338125,2.375412875557572,-7.929429127173162
1.1740669360493232,9.551086288081756,0.30676767342692557,9.139136668855226,1.568901293231832,-0.2579168312382194,7.897383655783049,3.414158335271848,4.1634743966952925,4.428437627188133,-1.545246717817756,-2.4494583625090405,1.1781858049228688,-1.2694499438716846,-0.624027638765261,1.0681389591171921,-5.253735863865192,5.001983641198461
-0.7688988224670084,-8.855835018699434,5.007968019906873,4.047865978490615,1.9355304742911628,0.7130101154639874,-6.93129873863607,-3.3290126417821693,-2.6552755621326902,6.839282505462926,5.876486081831311,-2.1312769835616603,4.779454734668814,-2.730210479988071,-7.790892228501907,1.871840632533079,-0.6297636600017817,-4.74949902177433
4.446756812717723,-3.6748000326883234,-9.506881348843843,7.40172739353919,-3.249199535469483,2.1807299036610157,-9.697074763887446,-4.011746649711519,-6.065835024711785,6.48386713177608,-5.203489588342139,-6.191045848888093,1.5818533347576036,-4.966947272662374,-0.6834615166010121,4.504839080949104,-5.915792334604872,0.7464160251165097
8.031781980615278,0.6420632870667031,1.1690447982843075,4.3247009151767575,-0.47105652781444185,4.659157683298536,1.2280608658148306,1.2956937629435483,4.805586932728314,-5.633927196583938,-4.858899916636073,-8.701856052638684,-1.8716261474810203,-0.9805015973928128,-7.975299780056673,5.477969168548205,-9.104888135363167,2.760984026913679
-0.4302154260254838,0.9845955972021248,0.891250865511072,-5.484686773476149,-2.876618979908887,5.554545436228196,-0.5184616888595208,4.008432763114477,-7.93430006857742,9.374326495128518,-4.5607063404712855,-1.6949887966398371,-0.2265779722314214,6.476239913970385,5.900907021920496,-3.4742397370700973,2.8408723864565495,-1.486072498538725
4.077369468078285,-9.820629032155008,3.6843811055011404,-4.886309182131101,-2.8952652172182773,2.4262358864760323,8.672504210238031,7.778574292986569,-9.163155227505202,-3.583049573601704,9.36045781426509,8.921631986111407,-3.308241510608754,7.25012666390754,9.769448896039165,-6.255084964077977,7.877042391080714,1.5348820407609232
3.103204861113655,0.18511290052553164,-0.15022352484796642,5.898318107460728,-5.404932310376114,2.222423028922327,-1.3617220166680468,-5.710377941776928,0.6653813520540748,5.7243443440554245,8.805939820797906,7.044554500464521,5.191144195080566,0.9740755299294506,-5.842082174308379,-6.207630915773805,8.683322693933288,-0.24842268078862695
9.846150677872402,-1.3762037519127457,-6.633932856718554,0.6780994505174398,4.4464333253168675,3.549017407318555,7.373295927136425,-3.4424254571876496,-8.834423694588658,-5.694692895256934,6.392142774580314,4.754611697756639,-0.01233983078132006,-5.38376237248208,-0.5004717776326189,-0.15323737159997108,3.419360658739837,0.06257833413437375
-1.5750466293291723,5.981193293641567,8.055575452791295,-2.8560518473089447,2.965532217945487,7.2845691128697645,-3.050205967606832,-8.85460595526139,8.426613929893868,5.012471869063797,0.46459357218474295,-7.101990889127552,1.8119656008641911,2.921039612476024,-2.7576809102214845,-6.071805998295588,8.450754350698517,-1.3748944369586074
-7.479436665269013,4.617533835546295,-1.3564753140979988,5.317397276184044,3.2593162356702248,2.10113807351191,-6.9621150865233865,-5.400337062243055,4.0277263342715415,-8.549809487898596,4.561995789588529,9.354649144009606,-1.5290548209132044,0.6669893995740281,1.8893562475769023,-6.038862635338543,7.744488177977114,7.963842681065177
-3.8117090600688837,-0.5463524807458082,-5.825520645406872,9.023044052055425,-3.7733583186393442,-7.214949865893656,3.880773200700162,-0.42136955575048773,-2.956786411499772,-6.709582125963866,-0.6754874131946735,9.069099802907022,-0.2912533770614232,-5.9619025206552,-2.487798878028384,7.150136058876992,-8.811719888170247,1.4699844282826433
9.100055149932832,-6.350025786978768,1.849439507026494,-3.204850241796466,3.095547881177188,-4.863645371106136,-7.336266822200173,-1.943616403389667,-3.592389493854153,-2.772353591464814,4.172750901359235,-9.062428117762416,0.7864822600285493,-5.305499706377905,-7.668899278488706,6.65179074920912,-7.50651059854558,-0.9184416234979054
-4.618770913807246,0.34215578538934643,1.4062542472157205,1.39392272432735,-2.0549547638640098,8.140265866495316,-8.460847868420021,-5.383473028797782,7.205535437976113,2.629859947200508,-9.260062333031128,8.727936041869071,4.021521776168038,-8.95308064076348,-2.6390866206787518,-4.209820840658873,7.236526881362845,7.483361200480257
8.64012024447075,-6.60920865912604,-1.8611612905452617,6.659407847863555,7.785925741630283,2.9072966003233986,-1.9114804662850933,-8.061808702942345,-7.563796564149198,7.2952570818436975,-5.374177996900993,-1.0618891831356159,-0.7326457550898873,4.479306428976564,9.481076307614678,-6.272236030849023,9.889488161490462,-5.245817109698985
-7.508461196320953,4.6318083333369575,-9.074663897761523,7.598723896191974,-4.481935023920145,-3.5369101503531297,-2.8937076536402806,5.432303190654746,5.238848895456648,-5.678396446736871,9.036583575464242,1.3916999040251898,-0.8350039212298217,-9.423676217903447,2.9430123653047318,8.922124996791077,-9.505055224343351,-0.35193737424786065
3.488391478189154,-0.7246508896683928,0.5267487886006972,2.4549725095906982,0.8552597893389002,-8.999094043226222,-1.5896789351749714,-5.375476499271919,8.607233171968108,-9.900413899077867,-8.787078651357362,9.812402915145885,-3.1275608794724814,3.433804964629042,-3.197491208173089,3.2199109860831925,-3.903723125337133,-5.180844051534916
-5.594816055077027,-0.02550758799175945,5.317619485836424,-4.969108700046661,4.834740003475311,5.876576354208478,4.764763475569897,2.5572655865400495,-3.9608549462479647,-0.7485453910233542,3.559284564833039,-9.861326029248385,-0.5022536755853668,7.8795083589446655,-5.231038479226456,-4.380077039985448,5.442794613240494,-2.9674739031465496
5.497861624100061,-8.046264186446962,-2.4087511393918852,-1.7729570974348228,9.130472229549863,1.1819695030257478,-0.4820872912248184,-6.3123761872085975,7.970119519036302,-7.970949955675413,-6.249301866547969,-1.6607953678757408,-3.923470971096082,2.554125069413873,1.289879601136123,2.400865535338646,-4.012012468511426,-0.6070860155655211
0.15610130794632582,-1.8311462798667932,-7.455602488255146,-1.5717872229915368,9.6816163592902,6.429641207252676,1.1369336060156243,-1.5959250695616856,-6.935372029953369,-3.926797807531324,9.03941578202485,0.3430551500109935,-0.790881848414493,1.385846481433079,2.020695103630139,-4.489868274079585,6.760904565497455,1.4703946877851344
-7.386259039877947,2.4392490703571603,-1.0248569974993256,4.477051609365127,-7.578716555469431,2.4657767191872715,0.5458394243564122,7.020089315360018,7.079560591413049,-0.04050421419691297,-0.4307373061720696,-0.39699385688541433,-1.5970796307965145,0.09953230739007424,2.758524674442878,8.22190877917528,-9.939045633151533,-9.420136499790557
8.99473108796396,4.531739503006083,8.002727968636055,-4.037802019747865,3.9240028415150405,-6.131197146707159,9.650657124089058,0.7652949968910168,5.295231156041213,1.45879011193286,2.508695481504194,-1.7764225630194446,0.32631844790842024,7.941931643049575,-4.971495955981999,0.3203234109463473,-2.80199304646346,-5.815423490684292
2.61385142651314,-5.491930601574206,1.3030936861430842,9.263215068664682,4.96330115424789,-4.920923041605341,-5.671405134020211,-7.955815186199167,-9.20349768200586,5.180768080822567,-4.914866896127499,-3.6749465072289826,-1.3259351524616285,9.808929116495662,2.2048506907842675,-3.2341546643557955,0.13926119739975107,1.5588394258545808
-5.617725247383842,8.061507598095073,5.2092583153523275,-0.4389184236151955,1.6290218872491469,1.1181127597437541,-5.801626651002277,2.6653431073221903,-1.45236533601609,-6.393684791280522,5.4102771705723836,-7.4136096049728355,-6.175352974964579,6.783001460723309,8.558826206046813,-0.1864339674108031,-0.9289843217026768,1.477118045904767
4.808804353580742,-6.28603116478825,3.6350706914547075,-5.877472079108344,-3.152836632887821,-8.99186360232979,3.9285653349526797,0.9835472095072024,-9.540249746247081,8.44166882604452,-4.388082796642518,-6.751738117082089,-0.7794304420502502,8.806716794198582,0.17510886492872402,2.927550087913213,-6.3497399288769945,-5.946938823317485
9.917912276975805,-0.27216087624635854,-5.771332534733508,-3.718695111461196,-0.9926827076106441,-5.935697953750793,-7.67012384514159,5.6944783129963366,-1.0925745031176177,3.7286860767074153,0.763310144746395,9.26747819016644,2.553086710934334,2.2598305758793984,-2.66142585864491,-1.8265543759905398,-2.9200396669133326,8.98668705463123
-0.8080567115051025,-3.570599916937005,6.178477352153333,-9.933773362427159,-4.248203997607202,-4.966855618139114,-8.501634931546995,5.9764711946911895,-1.5035203706698326,6.254810033053872,-8.917476129913336,-2.4302178532078695,2.846527885314323,-5.0332356792631705,-1.2974519413867789,-4.968435739256314,9.632019020630725,3.5327214834290963
5.7623709256298845,-1.374622330198779,-6.800205329986779,4.672220613346026,-7.463979724168384,0.1434321925433295,-6.4822520925272205,-8.890014983935545,-0.9234762066545184,7.564625743713066,-3.431362038107066,9.009531649436607,4.062848055266503,-6.547399328283731,0.5156866296081013,1.6414001159239433,0.6202201722790672,-4.178534013615147
8.036710649892182,5.418033162427109,6.035569335564286,6.301564994205023,-1.9458077179629534,-4.407682218641935,-4.313732151267173,-5.908690465182436,2.183863045893549,5.9942915032935495,-9.58540894173683,-2.3108464999228273,3.771405029610902,-8.319476381963455,-4.180989839066438,1.603020647719708,0.9924557907759208,-4.348139935227091
-8.82175907109968,1.3637413335088375,-6.673745228232852,0.5915585567453583,-0.4979224156821882,1.5110958937271874,-8.931158824806944,0.1803818889244031,-2.820267243765368,-8.837590694799768,-9.512157134552243,8.703843453376766,-6.177777162290075,2.7847717117922635,7.778097304001697,6.867877740643618,-7.032218493101759,-8.538658305459759
-3.8940366969436724,2.0147696102338344,-4.748740540018854,3.8935275110887506,-2.9056848281476473,8.899422574988236,-7.732597431834876,-4.329286965881587,-1.1285759842694372,6.349618026897357,6.202530718315153,-1.1572387782724096,5.913136091870431,-9.122810180719771,-6.278611620008123,2.3173473454793108,-0.34733089857181376,-2.700513370681814
-5.6026276478524135,5.5798078591159435,-4.246330436993904,0.7059425099179091,-9.268408048379971,6.297965506774425,-4.242419901735031,8.88553869787954,9.486394745234072,3.0410141828178165,9.048599891178377,7.595761460223297,-0.3896314059429926,2.2866001167866923,7.522928100740465,4.643688186873142,-5.856999753456876,-8.221401439048257
-9.998822810011216,-7.5952879597030005,5.030177523761543,1.3949202164848522,-1.7450378127853288,-9.428328405220816,-5.198735934104741,-9.851205018724272,2.1948607155835234,6.3999295845603825,-6.625374202233791,9.093627129508146,3.09194319807858,-6.460795479851173,0.04998300451998894,1.9545485410748995,-3.5888142480485836,7.118738310336358
6.90451125685102,-1.3207406574989005,-8.818867870559604,9.358414984912567,8.474296410726915,6.574619205165838,-0.4882747137487691,5.6971235991347555,1.3612307495543412,-4.103700824889007,-3.8521013236002277,-3.8370313027851406,-0.5083747220913146,7.830223954364406,-6.419705921783838,-9.891473683701381,9.699511999531271,6.914725268669795
-6.912505864585771,-6.280752995305381,0.6084899332607705,-5.767346657025243,7.072794595102,-4.066481341069292,8.892278347773559,-0.9369523597483997,4.779428279561236,-5.306932332472396,-2.669769649767886,6.570167050903482,-3.1760566556355885,4.404117368702041,5.337512072507632,-6.274219389821674,8.94465556189656,3.225220703265215
-8.129301087200606,1.026999183982415,5.353775534068175,8.001865512759508,-1.792416440567191,6.195662652181383,-4.993211530540522,-5.680083549835631,-7.82405659795796,-2.4312752825115735,-7.313165696801316,0.6986483115089559,-1.540088438237266,-5.517800221371562,3.168616894983849,5.073747401276469,-9.636018126537788,8.181797508273107
-5.7823745160981455,7.5236915268708415,3.5189620053290973,5.462800429264352,-3.992897920360887,2.4846109160231364,-9.808243091718907,4.217180037639405,1.9777566986623718,-8.85608056532314,-0.2832743294290765,2.773192209833544,-3.9358964852334193,4.62663410229484,0.7732326703692376,2.8747307135255014,-7.6034641236361455,4.587908214645378
8.835935741757247,-4.013651408025485,-4.158428490934362,6.642212650682815,-3.292858247787242,9.151711832851916,3.12738386058788,-3.0298153216838353,-5.747369218007039,5.114730179356322,2.0428448940292476,2.8707504923843565,4.192078539992803,-4.225671040852712,-2.0958306723982245,-6.856862796885695,7.885383015243498,9.638801747459688
7.081398451784068,0.23972187436878833,7.1008695600884515,-6.625540414467881,-8.114025071342816,-2.2957371618065814,6.893716048140735,9.459269961635012,-1.981955922502955,-9.48813023891853,8.029167457022005,0.6965234626044143,0.328214910316893,-3.1047689214822682,-7.277192040643515,1.5845833961695792,-0.7092340366175236,-0.2874962173977984
-2.0178188775981702,6.028438881353711,-8.827595776162212,-0.7196828580519252,-1.7195569297118425,-9.641095870132654,6.743971341957394,-1.7942245537664192,-1.076479867193349,7.255716954386351,8.498166566315078,0.7575605448780429,2.06010277901024,9.37907060996212,-0.432058835315857,-5.507830704285929,8.403312208605026,-9.922082870221626
9.735105217017885,2.832229189284819,2.793915351118759,-4.040467597532114,-9.026769473368912,-3.1754163968143594,-6.501395737382283,-7.574129885073888,-2.237618338214908,-4.65643588987696,9.309387958062299,4.649369010947135,-0.3747066095844698,0.6385389960665897,1.2392491182336212,-6.283510153292715,7.3923547697442125,9.983406004387238
-1.4239829502084849,-8.768435122760312,6.388095258549601,-6.629474950386795,0.07053691418153818,1.8017676479356375,-2.6777479842312735,-6.8264532380545635,8.864026812434041,8.078050728943335,-7.333643476306806,-2.101082749113332,-1.0826448425634965,3.9811468634682807,5.218904965043778,4.536049776299178,-6.144938982282024,-7.880458818413432
-8.808540529402649,-9.889124374025936,-4.200242450359582,5.0151137821900456,-2.0592793874730404,0.32491103329338245,1.9856349795820964,-9.541996881258953,-2.662313556997278,9.270511003778473,-9.634583902787588,-1.6747752294579659,2.45730105863087,0.7220777315726057,-2.677677696761158,-2.1474811769642432,2.1630595649375177,2.5489356516924673
-9.57541185642162,4.91777501072438,-5.56742400681337,-8.790120156876329,-7.488077366281538,-3.9085919545633647,-6.78005611018766,-4.2100066122596,5.671408772672278,-9.382454012188045,-5.349573411307038,8.857024291067997,-5.83915666907564,6.617395142689084,4.708892438293184,5.534456145122665,-4.912081068785783,-9.810502437415536
9.171805657573394,0.76103078891453,2.742360023801858,0.27154309101138807,-1.5232885330423542,2.234448332475065,0.9117376965499151,-5.264109183451755,4.393420664186918,-9.315203507797005,-9.620928463900436,-7.439971433365217,-6.0753515746549835,-4.940035353438628,9.556099762300462,-2.014989019343565,9.413565988700494,-4.383319969223411
7.120106838012219,2.8596045117681417,-0.6200227807142191,-9.45932661199279,1.2627337972225021,4.955216151599455,-9.4962883343504,-9.531712402871584,3.2401357288512482,0.8928439734408382,-9.266517306528922,-0.29587471340514426,1.411092006052293,-7.651290924271534,0.7936981691134406,-3.7064033998138246,9.648108375701586,2.3727049798881072
5.880010023762701,-8.243078155721815,8.902264336346494,-1.0587699426376656,-3.806872609958236,-8.755052367452754,-5.955944031572471,7.506317021118722,6.794765365837705,-0.7670751877188096,-0.8790601532181359,-3.541761805398047,-2.2504223202827367,4.29244331787088,5.520326273591598,-4.164977897313729,7.956236919635376,-6.281000646230723
5.281392629205008,-1.0975105238241039,-8.191505626993576,8.77946961647245,-1.5009791434377995,7.913510574081485,7.670968063476579,-6.4651917993883785,-6.3595557290325955,9.103258986887393,-6.153990509484819,3.4912801805896407,3.0904275972419253,-1.1778746399343092,-1.785043959943307,-0.44820473819387274,0.7488139799090927,-2.5451108517384036
-9.292219455364116,-0.6598826298931257,-0.6784380534951211,-0.9343591188353564,7.007938767174778,-8.207662414750448,-6.907416843269784,-2.550716736836625,-3.6942013371397975,-6.583311459154249,3.7818100259749965,-3.0635943935146415,-3.2717938791785066,-4.980960726711821,9.215894642167164,-0.9049409060679121,9.379762493428029,-7.5246146483268594
-7.759443692949195,7.605185248189741,-8.785441094197022,1.9659110580355446,-1.018859565953342,-4.287871444889618,2.9819099821725494,0.8722045480746985,-7.525212492769622,8.67771816942382,-4.337502079918298,-0.4774569032335627,1.829962698036896,-3.1311985976035794,5.666755121090375,-0.3852116356020847,1.3110144010473022,-1.0350719846939072
-7.412582662780711,7.43755271210512,-5.649490196060674,-1.4659396242610363,-8.667295943648838,-9.216832723376076,5.469479277986958,-2.8802904909698253,-5.945553505321648,-9.402879261261443,-3.881767479069678,-1.2435080090018165,-1.8633368883260086,1.8168920898003478,-9.382131021711846,4.247722150565881,-7.892471980735842,3.440292258197605
-7.56563226177253,-7.454975279223737,-4.942874185193739,-5.287115492139558,6.677179997634553,2.972460893111407,-5.161491187195724,7.017451185150975,1.6575796287593967,2.9380146279119064,-3.0068954691474055,-3.633864454745175,1.2541888218358253,-6.313421650926452,-3.1914747178472247,8.239367209851814,-7.916871213192518,-5.679872792816005
-3.6107387032250893,-1.6007852580752733,4.8077227890407634,-4.640781720173646,9.911516703939334,-0.17626317049863438,2.517844207535596,6.467214456177107,5.497735392906078,5.433068027516729,2.038747199157555,6.842027569621052,0.6670362928850118,-4.79910666478331,6.861945780322273,3.495341412540469,-7.181802911032474,7.178508409688938
5.439265303676056,-7.070425106360552,-3.1492016383620225,9.287225792077344,-9.824283623628578,0.8099780874342812,-0.8215860577626621,-5.814089599128948,-1.8215462500839052,6.982042932893439,-5.655698005817056,-7.427035991762578,-2.249413039304109,-0.651934036241876,9.786575956569472,4.789722203435021,-9.520054319307638,3.330335246016041
-3.034692969769594,-9.388558844228383,4.943613620745316,8.88522284689962,-6.308744315192492,-3.1800033384786053,-4.155409078148484,9.903544193042965,-7.292458703128613,-8.203695820163965,-8.688402561713522,5.641592365975164,-3.844353646897596,-8.273667916801028,8.646154087462033,1.8738602007036853,5.2214581491164065,-5.2741997731439705
4.973305104348375,-9.711756071090962,-9.91667735094762,-3.5348884946499997,-9.590456979636206,4.232540122516111,2.3993696599402643,7.550651856862181,1.7510177416658674,0.9973113186539866,6.637471925510145,7.540536075921938,0.682077115680686,5.781746864843797,1.4844393792974842,-5.359013762949796,3.1020913586334764,7.406461992214808
-3.4409875015041553,-3.9576690965890826,5.708957898615033,4.68590022953774,6.1836430021261855,-6.506062340926293,4.0963516894616525,9.278056367194104,6.135956997039557,5.487274092371148,0.4416714151148753,-3.658818183390915,3.497528517005314,-1.5211398603581792,-5.847783852218427,1.846278770346741,-3.237918913231894,-5.00983127999919
0.5780673719135514,-1.438612960103038,-3.456710905149789,-4.148867750853826,7.9345440329547365,9.021111620694303,6.504593378190432,-4.405870646802683,-3.531488287736046,6.8042379810879865,-2.2020723511368185,-8.672231340541607,1.825675942105864,-6.212436260629294,1.191587249755985,-0.9978081904718827,4.851447652688698,-1.5518163970646075
-4.095417115737289,1.594250152260832,2.6601404898070875,0.04264631913398631,4.68346554266752,-2.7960507644018477,1.1750532879786242,-0.5220100505762311,-0.7610713334376342,7.381200224936645,4.588157493851718,9.409988092237192,2.002287655004391,-0.3313532080187027,7.901859796611298,-4.744409810553007,7.066043634662851,-0.48351249949151054
-6.595500721068608,-9.19493990189551,1.8622024111744278,6.73051974357579,-0.7812036965547478,3.5421144253875845,-5.053558554303407,-0.470152736301479,-0.4899815973295034,1.2740858330360254,6.127098495613762,7.637779640441515,-2.541077940481628,5.551460103171122,9.061150709200426,6.218290185671204,-8.136487871909285,-9.334422231057287
-3.249369669909397,-9.387501910663726,0.9906676309815392,2.691049567701839,5.3423755860195,-6.720452866684681,-5.45688800499711,-3.5344691708559832,3.6220462091687224,9.522453516432979,-8.278645070108588,3.3908582585684215,2.608556207840847,-6.058987401439586,2.5569931496426594,3.5733144347519925,-3.7380746091870787,-0.6217893649235879
-8.126412107344255,7.07804581300487,6.232037450701068,3.6945846926996673,0.9128698243847833,-2.8479388938566057,3.3612441743210724,4.065514474059036,-8.570997189467224,2.2454964047942987,7.000614987281576,-8.74218927946983,2.6714567650101717,-0.6465825053040231,-8.141899775138778,1.3765813786199779,-2.419602960212397,-0.8488747092652016
-4.952130368780772,5.871117912563506,-6.012430573446645,-3.790692694409225,-9.544526073928319,8.211674441299671,3.4117579204524695,7.066383684367732,-7.9273937959042895,7.607025197050753,8.229710643502145,1.1621782638801008,3.3493731849649517,-7.99793313202354,4.4336987491394595,0.7403360911284658,0.2193409198724865,4.322194921647339
-7.951866723727643,5.058225456360999,7.132715771195265,6.460664023980815,-9.775497062913656,7.191724426359944,6.039230993781043,-6.437787833426092,2.2690965654711075,6.1386666642868235,-1.0124410751753583,3.9763836259339485,6.027831923867261,-7.753611339944415,-7.972987925406228,2.0438335194184116,-3.0603222564470878,1.039510554743261
-5.360739625965289,4.108879279535163,-4.513917047271088,-4.8808765349101595,-2.3368727613605937,9.67353861239631,2.382833614783637,5.705045996407192,-6.988167997139348,-3.2641092197431476,-7.2587260291416555,8.439461409511246,-2.473311975489329,-1.5644808078215888,5.197316500705622,4.484630213885607,-6.410552479724445,0.7595018498218273
-1.0280467453097852,-1.0991758810867438,8.75740423585627,-8.921453556937362,2.9621000758715343,-1.2521858744432848,9.020397098311776,-1.9669901679442159,6.917905468224021,5.971093993629204,-1.9449390561346682,-1.8910840712419326,5.3070434046295425,-9.38047349974771,-8.411734507168768,4.959701234988108,-7.132503284792535,2.668066904642213
-8.333613312910803,-2.922218785628406,-2.0605007378583506,1.1927240636150067,1.4134122655824726,5.668606375221408,-0.41280086998194143,-1.0359880351705169,-5.96045805172688,9.17663706527895,-5.352753795348047,2.9147468017819023,0.31534741044291614,5.686453198392895,4.055372713817913,-0.16168194832800076,-1.0251831678320436,-3.6472439520101174
1.707346774161124,8.017537308614479,8.61055024849125,-4.81171220014043,6.7721652890079795,3.4032931165779345,-6.1539996972954425,5.326349422144245,8.059554782774654,8.658686660662429,-1.128510102068132,-1.4961377654534154,4.45058376362403,-9.946036531004081,-0.5883052324263112,0.7219579334037824,0.6601042241244297,3.1777289059689178
1.4288274404986225,-0.890904851454108,9.701536076083418,-2.797501898076204,-7.035210392412672,1.0285601812404472,6.180708227592564,-2.151815188690658,-1.283039915350198,-6.0148206584035835,-0.4338500156933449,-6.871769983475797,-5.375168199799038,1.7943864800516902,7.269025278710377,4.1458696935821315,-4.8639026246120025,-3.1774942675443807
-0.1436462398067011,7.662985282169828,-7.418494473418217,8.63834802350052,8.32643079305867,-1.3140778751051698,-6.103557043664041,-8.719663307603433,-6.91280310887837,0.37315297544749626,1.820233974539132,-2.0840908036408674,2.0453769033402054,-7.715537198635555,-2.4145442532101846,-0.6881191484189131,2.079155496397691,6.108671891991698
5.793341121457766,-8.605800584650499,-6.436996969265653,4.035714741601975,-4.751558651511443,-6.125797284566699,-6.735128103587844,7.764571441736045,2.465504464878009,4.833689232145417,2.1376031382613476,-1.3254625644162665,2.745529071315463,4.751661797347504,-7.419098377143889,0.09991057848898777,-5.088739027600324,4.228576313720911
-4.727925969622964,-3.8329953078364625,-3.7731584039084005,9.906501657373326,3.536266316383605,7.831472679082353,4.2710146061516685,-0.8693542496505984,1.9278438021911697,2.7518696866601378,-8.781051239672115,5.311122423576212,2.073507581701792,5.543167739567059,-7.680241638173522,-3.8954214605137505,1.484749290075138,2.720930451759301
8.656422218699596,4.155025250036406,7.741071506566101,-7.164167529474854,3.6480663410764578,-4.718882711399102,9.700036333414147,5.718628239514727,7.049898778779649,6.387224024269571,9.623573861400228,-7.4366385984906636,0.9217089076950131,6.820975480077436,0.6101700581822413,-5.218363113617109,1.2421867483971596,7.277524526246676
1.998027669939642,-0.6638435921477708,-5.973712249690184,5.405082451079695,9.37304913328196,1.8403237074409784,-7.318717320222259,-8.154973393258283,-1.761005524422277,0.600479815988626,-2.2219437984615054,4.741822227447074,-0.8527379765969307,5.523244066860817,0.9683599098009772,-0.11937282130882743,-5.091268075386948,5.775563202657279
1.8058296177104776,1.861754270864731,-6.922888282964086,-7.497389487929816,0.3329254808040911,-6.772386060143793,-7.162458038483308,-7.920596017289907,1.2939298192608852,4.844145272227031,6.497169642523225,-7.238136808467188,0.2156157379335788,-3.08371464239025,3.25595397663076,6.968032768681592,-8.533549451891066,-2.1321168909353077
-6.496634301644639,3.5935564135945874,-1.985795796447107,0.5491948276101066,-9.239585074017745,-9.735737511406699,6.453052952626216,5.856422083261535,9.049245003470489,-9.924275678848225,-7.087099234925251,-9.51711144339507,-7.609041594758194,-2.0512023966754818,9.9028004132342,5.0865412384513515,-1.1070795018076431,-8.007807899639774
-9.667364793453991,-5.119027286765019,0.65191862723767,4.360853797099363,3.263645393780159,5.726451132069062,0.033421629182086576,-2.756526468631133,5.638397787274247,-4.483211341949069,9.291910899390693,-8.582146909032637,-4.231233189365828,5.35144439859444,5.768773956414382,-0.9611452909719382,-0.5210961647902774,3.3636299880021276
0.6907223326149925,6.82218667920359,2.0938600934017053,6.560664950701277,-7.598048604671412,-2.4175401829364347,2.8639934647978507,2.109877319969222,5.62540111828203,8.393363254094876,6.14902519433555,-1.9114353039039536,2.3059547978831745,-0.10170427063432008,3.6994993334330744,-1.6003220106465417,2.584965150966248,-2.823860550967778
-0.44870193433343886,-4.862055672234531,-5.505072663079944,-8.54959387193156,-8.560872126101206,-5.701492245353597,-1.017257603445202,-9.417392325873422,8.596974136258396,-8.724775239576694,8.434815107410621,2.229325242996598,-3.8708011840484113,7.414770011519188,1.0818230246556375,2.249744303591534,-9.043951206306362,9.118883937014463
-2.9905889187096246,-4.7365180070288115,9.515828679615502,5.499184461722447,5.50714344274164,-0.9556744222364415,-5.3430179409651535,-7.5132870379285315,-9.788923160164275,-1.771466440899509,-0.10946417048509893,-1.5755163869855693,-3.0700986332873326,9.266482335216676,3.5109144946330755,-5.1676134941773615,4.818508128031722,1.363725811626944
-3.674697284054891,9.460199394460524,0.06935512715796222,4.221282399816218,5.238274799253608,-9.327971918525781,-4.445755759495357,8.7372016389341,-1.288540986251789,-0.9286920214381293,-9.32220155043134,-7.992738780311499,-1.1499227068028368,-5.121420660500369,1.491856498765653,-0.9624557335112591,5.91967465443348,-2.7381468315854107
2.7376202080640706,4.756894349667583,-9.985055427146147,-1.4517925240259046,7.2916918004125435,-4.898929906328493,8.295239429620345,3.144278082717314,-6.705200626565391,2.083904730221665,0.3726327991410976,9.602349994719994,-0.6169834094947859,6.960822121614868,3.306924955287208,-4.989693931228285,1.1283005759610027,9.556037733861224
-2.7826130975040737,5.198599271549192,-5.83414969450176,-5.005908367091787,7.63392924299734,-2.0688212813920703,8.179542432288752,-9.33870642844119,-1.6983951947630533,-2.959593856776559,-8.50110482409266,-5.5495160555286365,-1.584484410047633,-7.48421076496146,3.9471162922935132,-0.7424835552476523,9.404121485267602,-7.335679649638824
9.413531121309667,4.573817468487238,5.75257507694819,6.164299567813863,0.012099777553784108,9.756451784721662,8.215499681809504,-4.583139804015232,7.083551831569231,-2.690359132668587,5.99670006375173,1.6155280741423574,-2.039256643254199,0.6491496335086566,9.185355223164965,-8.018245276385354,8.011835656673153,9.900982648710574
6.320021130147257,6.438381714836268,-8.302338415500223,7.452433527984077,0.723852042018363,1.9150041652281828,-2.207855651558548,8.233719194260743,4.483654576857489,0.2996914183209416,6.014590547589734,-5.273243103942448,1.4818036995769148,5.103643267014522,-9.145242892524262,-5.80793961253195,5.0299077171736855,7.277894013312235
6.279426877978231,3.0072478423292104,7.937068551035939,4.592272829624919,5.384358910710134,-1.5124774199177988,2.9835013323481547,1.8037106248065964,2.6168440115653535,-9.64176652249317,1.4792053681850188,-3.526801066985758,-2.830341430423136,-7.43152290324451,2.1077105869004047,-1.742564668216751,7.0776767401954,1.866249297510688
7.274232057086778,5.524299086756974,-5.663526297091965,-5.327588748626866,-4.03670080527907,-9.042249013086707,-1.6962758459341174,-3.3187482284695964,-1.4170780878846685,-7.851871664178402,1.8406775750076765,4.678834322480242,-3.654714378268828,4.285483570740444,3.591050110422728,-2.153867161420921,3.3392135185465186,0.98135358176755
-1.0258810568257957,9.05414030425144,-6.888999476975255,5.01930976612514,-2.0189462915212513,-1.872516321861502,-0.5911061805320479,-7.349324164416369,-3.0907985906002633,6.755385725965059,0.025679546166516687,7.698851939529213,4.823333736118403,-0.9515827047096774,-7.213164897059046,3.1791221248899326,-6.336547431425088,-0.8905655415519398
-0.08308934440130145,-3.7558009453254693,2.2846312065567353,-1.389020922513744,-0.043976621087724155,-6.345340302649016,-6.583222576422585,-7.617082700895215,-3.3257779468023196,-2.4069982659380162,5.823066559859589,-7.869202180710316,-1.6983155564257064,-4.745576560354117,4.864634368190821,-0.7878347411021807,2.4353092208891987,7.338856181520178
8.264648903541879,8.438423597812921,8.000164848478605,1.160069898532754,-7.082577122624702,0.4648261183364113,-0.1619170830766148,4.133802725560141,-9.223138084119434,-2.7480718968676587,2.111481011248923,2.799323675047196,3.478552944207129,-9.309089856123656,-6.91044916035938,-2.0600992685453656,9.786806131302793,-6.967184713725985
7.105087900338283,6.125079314471886,-4.408275100945545,-6.2798084793842275,1.1709280339815447,9.0131730516032,9.36238780477445,5.953219508540355,9.072946196804924,-4.643417670100005,-2.072858734126271,-7.279440341330146,0.7469471240920171,-6.106874080420357,-4.719670240249439,-4.424732004521175,9.948460914930418,-0.4262615260468081
6.3665100886758985,4.792004954843103,1.922873475344641,-1.7806204522477476,-2.2624481302299104,-0.4388513343591356,-5.283466560486216,1.9563489168392323,-6.860377632848504,3.860543668460128,1.6608072113054106,2.9098844736511698,2.000361118336267,5.062614970597796,-5.8347474859286415,0.5190277125601224,-2.2278389582700253,-3.0224632795231603
-9.984868784218964,3.1314939878491224,-8.604400837931873,6.222162935014001,9.651524231556099,1.343436247129116,3.3738804577898165,-2.1345065951798166,4.662381833927752,8.15392517295249,6.722879612358547,-2.1708768824701767,2.6191562372267327,-1.4519914935928995,5.044955776596979,-2.1665330970703645,1.4565889888016859,3.920241877244628
9.487385406318005,-9.39410490849193,-8.13389689688696,4.423228801243802,-6.72129197676324,-7.008831127590216,6.419314351739089,9.696096707405236,-3.7320824608391723,5.983027924226747,-6.778783852631438,8.553246971646018,3.8535146568042755,3.592797927668183,-8.586298746779452,2.3415000293598247,-3.714711928170269,-9.21813211875364
5.173035750147001,3.77526206069264,-5.791543657245586,-3.8067503025628646,1.7734928620979833,-4.916042249090369,-5.690791144807211,-9.722412951660127,-9.414673084991556,-7.780728765154599,-0.4141046232264056,-6.987309368215373,-3.4917209157213573,-0.6362162912695695,1.7950453390156405,3.0111730185068275,1.3027073755270795,-8.97432860837508
5.529887422695314,-1.3516776847640966,3.272436960792465,7.676959996052229,7.978269651465105,-0.02190304303531221,-6.360946918774458,-1.0451182807344672,0.19892254380837748,3.1320782321124483,1.6459220706087425,6.477917866544406,1.8235977208194516,5.045111349423179,-4.145484107749297,-0.29118313417218644,-2.4831209167911776,-1.793712613080121
7.552446320764503,-9.065978695141938,-8.046471453898494,5.16993578703039,-8.854221873870497,9.45480562472769,0.7613956454150248,-9.601228108606655,0.1481908717835374,-9.754824577635265,1.3837416010622263,-2.537944979313192,-5.077899815432789,5.296989845112876,2.162629478309764,3.9358461982790587,-5.249340762858983,-6.497597208751227
-8.413949622474092,8.215482756916352,3.0282258494047927,-2.0031239115974264,-2.086894384529403,-5.63031912813309,3.093707250720721,7.368224923780925,-2.536552476096336,1.152041036859293,4.350588315282767,-5.128237471334911,4.551385134503633,-9.926052562294242,-8.938822019401657,0.4917464521235395,0.12372744812040537,7.388517503465547
-8.071768139927826,7.893993266121949,-1.2782981373143052,-5.1276951558589445,-7.689623466857416,9.38218936128606,-3.2777418510098233,3.4857647696695633,-5.0135664205683845,-5.9322527255007,-2.855549438229163,4.363053103611033,-4.595701152418464,5.416624137329453,5.955964808916418,-1.5173186250843234,4.0727187941214105,-2.7402712437362853
-9.423824556491041,1.0258179259207942,6.645699808018616,0.0755334249317201,-7.376609324122684,-9.55641947873936,7.568628782561234,3.1225956797975947,-0.610447300845367,0.8411872903293407,-3.7305366347678603,6.8518855194375945,2.385160145043878,6.546886823860255,-8.225466740205698,-5.638403454750045,4.523644337261043,3.6490102685752603
1.9156262122605483,4.0906649148580225,-3.3172894582415546,-6.329525740105191,-2.1815478824088093,6.965347497401613,-7.911470598256982,2.15338073791642,-8.28527305940564,0.7332549811365574,-0.9764969395194445,4.370861244193119,-1.0114232729914168,5.613246714636153,4.649065480680264,-3.566548115425306,3.363493352952986,0.7639961768543557
0.4601345308696416,9.85227076255067,-6.27578899811305,-0.8025740394443215,6.518094086107933,0.22208217451365897,5.955628788473021,-8.73650684824293,-5.54892948481954,4.010024821705651,6.213074401934492,7.753801982724351,4.770726301352173,0.577882293756236,-6.814162831194173,-4.42522992455169,8.280229640973445,-5.872444203248164
9.23955426909853,-8.954256349876289,-3.2922725377450917,-5.22743551015682,-9.116856412234874,-1.2690142102081623,-6.06381226477165,4.381679041739897,3.72821848803059,3.6836821623545077,4.712541297857555,6.429535564159011,-2.7502159405549857,8.728298920290108,9.046095707136367,1.6953411653534562,-9.900002007913962,9.582635878712907
6.734511638024408,-6.529191032405959,6.461110777303308,3.045223914538205,-8.280980366472859,-2.8117544010033013,-1.8465778739420387,2.2563256331085118,-2.6334091577242784,7.213568011294406,-2.88043591660003,2.1312507985934808,1.4400056041929545,-2.319256459240602,3.543299126536345,2.9831925630730467,-4.015533007809642,-3.1832230225913776
-5.299059619571467,-9.307398051489795,4.445336012155419,6.502106618547238,-3.361717305009577,4.106205339364973,5.08339871411634,2.031888316693868,-2.5761009514643067,1.1174730540755835,-3.401849395953187,3.07888932679095,-1.1108922573132336,3.0876058100634296,2.8979504744573887,-1.221440716179183,5.090904900272426,-9.587550403939535
-9.467335519379374,-0.8021378511218042,9.50937220134503,-4.655985230732538,-5.266611667527776,5.121787212211581,-3.656326132160954,0.33169683527787086,-6.808651997159276,0.9528490448612796,6.213290550764338,-6.1773807284624045,0.7396969936261542,4.5212969673979515,-6.122062926310243,0.8162484247605022,-5.31729805416465,7.056920595749407
9.540252687060363,-2.61621719504725,-5.166156032686214,-4.464067407896497,-2.0864208863936495,-9.512111374117127,3.4162754677581617,-7.17738719216687,3.514940951815049,9.06963617494861,4.795759156440649,7.697033851974616,6.178939159575343,-7.31953334258316,-3.7341635283479624,1.89918124459777,1.9588633006945937,-8.325487562087545
-3.06097213365061,-2.4933475150464197,-8.278632328906193,-3.951453525444,8.420247399275272,-3.5369344375773277,4.231299777163089,-6.856008775918687,-7.76266499355134,2.682877288239858,-5.112040389883637,-5.116062124332164,2.1752859207990998,2.3269925133613825,-9.73807811483394,3.26845452543642,-7.9110035794462,2.4426104849046286
-1.708863692952086,-4.977326030547545,-0.27366482649840584,3.052111661303922,8.148273955096801,0.5444610963795586,-6.984317975700749,3.824980506939786,-7.64029440617501,9.456581922048162,0.5869817713363119,-8.859167524575302,4.421231714018399,-8.108396673817166,-3.4242020305544774,0.802446386891372,-2.507208715330931,8.753877813349245
-1.715929654619453,-8.264705921356168,5.74112123137726,7.600608900631819,1.9237332593706142,-4.624142727853917,-6.262572360600494,3.8557282965257382,-7.334173180919423,5.040200382447363,-9.258011504900626,-5.759798057595036,1.211205477715378,0.6736266906620116,-4.93082610269785,-0.4791204717625934,0.142023006164532,0.8483935779287073
8.005460635117341,1.0764291795762944,0.28482440998897474,-6.013464744807524,0.820545134947162,8.461435954235647,-7.999928557000904,4.554845490220332,4.820954844874002,-8.026816079334614,1.4977274186065301,4.002761433104034,0.5446215074935381,-3.3782740409282237,-6.8238274245532775,-2.228802611237743,3.8977661104622303,3.847902423739102
-5.466092972656636,-3.4886990146248458,7.214842181877476,-7.755409247957985,-5.796145322316011,0.7368720542502629,1.4111541753018475,-6.498104346249283,9.481661978685803,-0.5736617806363125,-3.543368340321158,8.954608470925262,0.1580960404183358,9.223955922660238,-4.653320681424093,-2.9438440793843395,4.996700004896926,-8.874133952939898
7.197147263960211,-9.02185704660238,-7.071892182111146,-4.202674436800439,2.9518451789824915,-0.9412160285471121,-2.5955879584846286,0.4869494333197881,-4.392358460644328,1.2811866204046378,4.234662458460846,3.094913510487409,1.578092917056031,-4.862650276273158,-0.7414906465567732,3.27157967116632,-4.232877638465986,2.9416023685021937
7.914240087223341,7.783867978137785,-6.639609993783251,7.36092549946736,-8.639851895451038,2.906113206733064,1.513534035092798,-3.8789462329075004,2.7358816441353575,-0.8044505522791248,-4.903489053127485,7.068297790673746,4.397724365397517,-5.522304062453889,-9.623807626231493,1.4302230174244066,-1.1673407571487626,-1.305716238605207
-0.3070677530245369,5.613653610863063,-4.564757299873714,-6.477141362668995,-8.41133052660152,6.798992333557937,-5.81118441337053,-9.160422157775196,-8.30152834194182,9.064506896900436,-2.994257785188208,-6.085876004935466,-1.6416500180485052,7.3411127180707645,8.052791086038592,1.1442229379618247,-7.6893642035257015,5.131447811279756
-8.791511459739294,1.279997360320106,3.0213804796600225,8.620771532658814,-9.591755842310272,-1.7431540247024095,-3.382846056464322,5.622820673102284,4.1915335607846504,3.7992389894036336,-0.7568144455391153,7.367168143489398,3.1919647327563467,1.303537916853557,-3.0479705221522995,-6.824086255792999,7.12294976629871,6.971323862147273
-0.04702177289135179,-5.136923523625773,-7.666404404181537,-9.418218698946703,4.684800089305321,4.356257676955028,2.935765239158979,0.8646715765235786,3.175293791763325,-7.842351588531818,0.9828794663579146,6.951082163926124,1.5645858165398607,-5.720854675040865,-8.157027536607613,-0.5749603685702631,7.509070654818139,-6.054396187134692
3.6249828911421904,-4.4208934092999,7.901907315838301,-5.288235389306648,-5.416106776750425,5.965411483662578,-3.3995143625856645,5.39500380975743,-4.940467451872053,5.683985931989426,0.6567825893120158,5.8917054334332715,-1.5830990625291328,3.4835793227853973,9.639359247845636,3.184582910643508,-4.7080845574924,-5.953610982584392
-1.3136899664915909,-0.0456242113126919,-6.402921982569058,7.888456030423438,6.965083279213065,-0.43892560930946445,-0.3888822017512723,-8.75573234143207,4.783546005867066,3.284619657842992,-3.993190694272803,-8.372367031771223,0.7150128415504202,2.5202084983819333,-6.857792828507387,2.597517420876871,-5.106663761311141,-1.6033047553754916
5.192954391868387,9.256670743319553,0.41295774727990775,9.3726408566923,3.7061145140221097,-5.597293048068432,4.392270810199221,-9.48202292835334,3.425435505311576,-6.0361353484416425,8.481946070042984,-4.076473288459336,-5.321363630357558,7.386176111998417,7.448970212231,-4.852203613725148,5.7854583415955645,1.4243180813141088
1.0932512524455458,-9.168901478373368,-6.4309834087447975,-7.264946247453419,-5.04190158238946,2.339974836445581,-2.4376918585586083,1.0581172578910625,3.9459637247044625,6.1404574065770525,3.912022706664061,-6.894329484725279,2.0709404365644097,1.7492331069819862,-3.8300004781274932,2.0128535942761836,-3.667428293166255,-1.063141300213161
6.483911886492983,-7.754570021802126,4.490116109909927,3.3768741530997666,3.6739099833710025,-0.860760869263796,-9.077350804717302,-5.476433739846341,-5.8866133792619335,-1.1785643587375976,-9.38032554297618,2.193838278972823,-1.1405744871060293,9.111869771864697,-5.6681827003836,-6.075882861018305,3.801512317271122,7.34661320401424
5.175291300181623,3.268827678034965,0.33081214635228307,3.3992282956244306,-1.1081040989932944,-0.0744906072741447,3.283534664995919,4.571268086630436,-4.706533937576176,8.254615916808,-6.1726971391187995,7.792641765719836,4.716796766362473,1.27651544990316,-4.733997247660671,-5.865060767717594,3.3659098367250113,6.800587257971266
7.335497009449988,2.102494740529936,-9.75818484124927,5.124134287980954,-0.753039126559873,2.6837581859174264,-8.865011470170053,-7.3808454065275075,-8.847853997548755,-7.85791231860105,5.913758374722015,-8.761282857364138,-6.31100853081189,7.523085914129716,5.379657611948602,-0.5899445019388381,-1.9600592184310806,5.232389052608541
-1.7595562298414222,-0.4773820828623023,-9.893720901262519,7.434003031760355,-1.4501680797503251,6.523539316468266,-2.4538275305521973,0.5516549689072274,6.055642271078106,7.605464632200778,-6.331647178442292,-1.8590510403900247,-0.8173613164595732,4.764782545842641,3.1607171780631145,1.4212774458909205,-8.903570704887528,9.42224149317834
-9.759207155225809,-6.719743794576464,1.5458561521119822,-4.818340272306054,8.395748319568074,-5.695537551107208,-5.874023038964933,-9.958157473151246,8.599006428252757,-9.870266022019695,-2.164160872441383,5.826498069174789,-1.925518935215841,-9.341075358815516,1.849109323220457,8.298621967914453,-8.378768814545928,1.231501180686415
-0.420043764937585,4.145900785820455,5.475055846386521,8.092360492161987,0.7647428681313286,-8.689758597759628,-8.96000565920846,0.7635608220006027,4.530006370308623,0.3024150453513368,-4.186260550046099,-5.521640442029538,-0.8706402649408638,5.182912736664578,-1.8628821541942706,-2.9488622378823948,-0.99399247915564,7.608679158834612
-8.318573418479328,-6.949873007259488,-9.901381188154554,-1.8077081328329783,6.383235786432607,-5.098060658719048,2.1192658189098523,4.50274978469457,-6.1417819925883155,-0.5261822084839274,0.021465435188222415,0.6691080906556213,0.20469391326034625,-8.847270357195452,3.9524166335641837,6.341259372259962,-2.4221631379826025,-8.588752247331195
-7.576207055848414,-7.682301638742183,4.583999238357508,8.76436834751059,-3.4372962465982093,2.5402755776627117,9.07239067023525,-9.826473974579681,-4.473811392247892,-2.1741601821443606,9.158809453589182,-4.813145288251091,-1.7128617394133272,-2.7359529657694237,5.35794220942857,1.6657617888088279,-1.0008619004149963,0.8109691465145126
8.43666417986562,1.673708091953518,3.8104707269046365,0.13551803788164207,9.156364434767596,0.4261389025624922,-5.034396512047861,-2.387546527039202,2.2832366542818754,2.554136458372046,2.1854881241988533,4.611702551533165,-2.3072849371009347,1.8154066193772582,8.564265729834393,5.858677519161704,-6.463781509687716,-9.80943728932036
8.000374540944506,9.021754958021997,-2.083095279246101,-9.978226428927686,1.5202276296852286,3.405792246690817,-6.374184723548629,-7.300130272476261,4.298029791774628,0.3056915137012357,3.820718649121453,-3.5282215185719927,2.783388566494464,-6.053961177531413,-3.9947565717016698,1.132311741757416,2.5137079611208986,-5.889425598875557
6.943258708875906,0.3192410107369561,-3.880965769696374,0.8412844809048874,6.701559912612506,-3.926752051544895,2.92703842919809,8.960441222816332,-7.400793763429965,-1.8030921692202426,5.3181954837129695,-7.0570814295182664,-2.029797796912134,4.132573585024886,-0.6837224936084496,4.126444838123454,-6.019620109845112,-6.312964290253951
-2.9564296817387365,3.7761296227207914,0.41319969631483033,5.5405520568363755,6.819226402737726,-7.176608799413858,8.29227284973259,7.830785209564752,7.419362999777757,-0.5117919255188994,7.373662363231141,-2.783827094546978,0.578949901113873,-4.740155543531275,0.02728926570273771,7.153300119586241,-8.454861361371934,-6.949970530281657
0.3714296966901678,3.381873727656652,-5.817505885357416,3.38045871156214,-3.239960351055535,-0.050556750091040215,-1.8724149868868256,-0.038645135970012845,6.554693347341519,4.664352547698343,-8.204852355596135,9.899149889005376,4.110782355426036,0.5067141037817375,-9.561780289629901,-1.4117725704910384,-1.1629889422874573,4.725144831033878
-1.082734133445074,8.536212835716597,2.540227254252496,7.833657320232209,-0.5810082094086351,0.6679906559266957,9.942265356312951,0.33415690880881854,9.242692203397503,1.024974010220065,-4.520776764957201,4.977850222700393,2.2057049734735656,-0.8625055928000247,-5.243139514311799,-4.501911853314809,8.050232425771597,-3.310446143019341
-5.169544686446386,9.540586087745126,-2.274562146777903,3.417574877729546,-9.742435986721311,-9.80174894695277,-5.320137871726615,5.854468094490876,-2.635678026897395,4.621632826512359,4.923038910507918,6.546316313980345,4.816768966362,4.049251705895223,-8.938053703951272,-4.962916264230883,4.110364537812137,3.3667881975646257
2.5316099244136776,2.093827336537217,8.1579963231654,-4.965529675651359,-3.347647460698502,-0.5344298282725113,9.380754884769878,-3.745370739688201,-8.952253723203738,6.684689506743442,-5.240349308847792,-9.727290739603614,0.7532468371770111,-9.38286349723027,5.867555867835039,0.3133434332209042,4.909389707419184,-3.1570136229224
-4.50997194219668,-2.015103769291004,4.976949572192776,-3.2125136349341314,-8.108325341242004,-6.44807233343222,2.8613308108766304,4.445198440876803,-3.224350871740649,-7.819611633925517,-7.669680580910829,4.518920488552061,-3.157056027788272,9.848231617657863,-5.462461524123306,-0.4215095743020498,-4.565934882521634,4.594723318524556
5.640483710474902,4.065666282389698,-7.81392616232959,-9.976311812755188,4.306786554840741,0.40034364029476244,-0.9505178312069891,6.2873400852041215,-9.176587327547203,5.951641132537382,5.851726496778083,1.5350975496294605,5.8722291861314275,-6.6431478213275685,-9.022878125869738,3.082141440238704,-6.023321324083888,6.2832406442598625
5.961102862090415,-3.4998334873726673,5.86923088218075,-3.3932520361276737,-6.740790883165921,6.816386890746461,-1.670220946617464,-0.2523014407158648,-5.973248668790678,-7.021249784772115,2.728662112227436,2.8530014393016394,-0.9795825060147596,2.2461350490627012,-3.2391737628030937,-1.6852107225442499,-0.4281676045475997,6.3597276668361005
8.624808145765964,1.9369338053628677,-1.3871973604673933,-9.166979306961785,-3.9107418861016674,7.1459550232545155,2.3088181830914003,-9.707351779620408,3.2225936649764098,8.502414329205045,8.843850148553514,5.383734832900057,3.717400999782736,-5.449040380804691,2.4476038896534273,1.6542659491676908,-5.029076695736152,8.864460695350992
-1.385944069429847,-2.142758164108322,7.246551198488273,3.9376758752190817,2.72431509061742,-1.797636864729098,4.285931747813187,-4.2599048838537135,4.663443396113573,3.7097316020475937,2.7329282110733786,2.6052224094654655,0.8931373775994409,2.66607629080611,-0.2269335715672085,-0.35462349262520476,-3.3917247407014672,4.517792646575048
2.771088889237568,-8.697604260518968,3.3703863909203804,8.552728975425591,-3.294014968397878,-3.300269802717768,-9.354011388599183,1.5321466093674232,-3.7307580127352047,2.261774014819089,-2.1916217695712508,8.366431731280514,5.0885950835575,-8.838938948737665,-9.44728933248234,2.2377056798488315,-1.1339108393856439,2.078145310682377
0.6636147582810974,5.864677141227084,5.2498418119775,-4.880314877216003,-8.774456620959306,-3.324633277956865,-1.893529918985056,-8.546226414549471,1.3637896727708902,-8.51108216746412,3.453702249344296,-9.22939525161635,-6.853017635004366,4.347096143151399,9.358443226369772,0.5006258797818681,-2.3353665304232933,5.744446634557699
5.700280886344551,-5.269822307172419,2.398759398382566,7.97673004937511,-8.361906148685845,-3.7897327505935507,0.4421513888798998,-5.515502852703413,7.883834688305246,-2.8577205810173245,9.66819252396521,-5.310046552715891,-3.3320880268328406,6.884945022253838,6.545065434202005,-5.156805249153242,5.312834161585101,3.2502961079247967
3.7153321559309482,7.216991148674204,6.679949578652295,7.362873876768987,9.924997047086702,-4.097022360753961,-7.174295966592608,9.672963886839131,9.821752725923783,-2.327745334911322,2.2082074886352885,2.9841017028844252,-3.427535486978817,9.733161497495793,7.200172814158531,-7.227097972885572,6.409979241575787,1.1354669635416936
-4.451815560741757,-8.76016856113207,-9.758334571944363,-1.7409605420843928,-2.3154945269177185,9.61489544388747,4.606187213186679,-4.609343940556567,-6.900721508399106,8.765784902580542,0.6348818411193164,3.5554190509236427,3.4968974023763266,-4.324459290638208,-0.9269851037132621,3.5973933843081873,-8.398132698584284,9.316009309258014
9.848642367099366,-3.3721040417571624,2.457708493514673,-4.649204812262062,7.88303526581311,-5.157604327317136,5.3616400063891785,-8.008898936950988,-0.8126318929065732,1.2294939335686514,-8.097071135855883,8.038547631912536,-0.20300659317883785,0.48978021582666287,0.4574649948987357,6.309617087536175,-8.026179308147627,-8.180967150528202
9.355197590793395,-3.056365455787418,-6.783110420614882,-5.995001612443378,-7.197273252667569,9.464985083770888,3.45419039270884,4.651357936932705,-2.270705371336823,-1.3177266054320764,7.431946157721981,9.657451589377416,-0.8218547845625679,-0.18808038201143695,9.27740724434739,-2.3706174073837367,4.819990543679456,-2.785659963300116
0.22676670456328907,-5.542457733695548,8.346761805496737,0.3932182838006355,-1.4324616317273708,-7.588637417967683,-5.016038195462144,-0.7498626937145243,-1.743129356752478,2.164232725278712,1.392563157059632,3.081712306907745,-2.186257090729975,5.720555129205454,7.774080506405177,-0.40156486767639343,-4.549407368425509,7.029196971401603
2.1405308407587533,3.185748989939931,-9.992336345933657,5.82230181144233,-1.6978050384425476,-0.6322053150405811,-8.76211302758147,2.2637641545255693,-4.763520666372713,-4.549159481759633,-8.487733616884475,-4.493538063528453,-2.4962694902477045,5.5636629329325675,-5.933886482117847,4.127507978731932,-7.726750102055197,-1.1145493936345012
-2.3836617624150485,0.9462530867602048,8.491889218084296,3.4796514361449127,3.846437849044106,7.184204057448614,-4.945800311398722,2.292877433789574,-5.833814995283251,-9.45002360768674,1.7173188266849326,9.86931315480387,-1.378906965066113,4.561973996001198,-9.659843073341111,3.680991682189747,-7.309127130508166,1.426723419029834
-4.497438106248135,-7.5364087439743965,-7.8219891882258485,-2.4455189293215103,-4.177718593039477,8.447963706074198,-2.8087787903709653,-5.039715930742592,5.973994650244068,3.267453057569643,9.432899229270479,-7.288985000245711,-0.317954542833391,7.254472989510376,3.2357536895143255,-5.713612412309022,4.547301758448437,5.054243960298038
3.9398726988812456,-8.09967462591245,-5.405744155640373,-8.236472141869076,0.2928616994974753,-7.795211277512397,-2.4975301743681015,5.9533618724340265,-7.676673967393535,-8.070671008423723,-6.169214625779946,-2.7003977510232495,-3.610212744493455,6.832149874446124,-4.726507127451496,2.0543526972720354,-4.214904847221488,-0.2136948094046094
-8.000265126898361,7.578459542883948,9.502958875472846,4.481752294576404,-9.3173404287388,4.012098488625162,3.0732157624800127,-8.793707310653742,7.0376504612261,-1.5041246925776157,-2.4407490960624862,1.0187167469957394,-3.3563459776073916,1.3358223577398753,8.202421300596615,3.554425680707878,-3.0436680625444046,-7.068418085940715
-7.222845126003554,8.202916513052255,-2.2619456226597983,8.797557817660124,-3.7376066152009972,9.422426148208327,-2.4552092798032703,-4.273534394569323,8.239592122579566,-7.487054360592227,3.772106762149418,4.76947664219548,-1.8759842237640036,5.227784174550468,0.6839320667869213,-6.5432985168263595,8.511885850817848,1.9427235807633174
-4.732067918744562,6.7828892943112,-6.59307904647142,-4.53221845069987,2.786156216262995,6.83786775079265,8.58922122368045,-3.072489747868225,6.696007913662829,-6.754172575349237,-6.569861018201085,-2.233773483801807,-3.7181628306447356,-2.68540537964083,3.840781016854333,4.871648486044325,-3.7865536467397938,-5.69967108682139
-7.649549874432391,-6.664746856775341,-4.318068086842066,9.04532434779285,6.577404306711298,-5.337594846738625,-2.009760364705171,0.9812471091224655,-4.280214059297734,5.364092056951044,1.9617091017024073,9.517960046886504,-0.3080533182373486,1.5623093140508644,9.349172075745471,3.313087494455262,-2.1032160949176326,-9.99372203346204
3.827011277468415,-3.283916577699131,6.422235888747629,-7.097613630673236,8.079412863894845,1.4397079312677654,9.820125223046254,-5.988310571988896,5.054156691626613,5.4901929015131685,9.522219043044796,3.3906345051377684,5.088177845704179,0.9902181861167456,-8.659390819100404,0.6547309814616149,-2.213087192487757,-3.4257036501786287
2.885012039765373,1.9204056283133255,3.777494525418625,8.653771331250653,-0.3676648889208849,6.836923546978898,-4.855955003041908,8.062818028910549,3.922933524858488,-4.1396553282292,-7.136807325801078,1.325912745754037,0.11555992250385394,-8.606874842106906,-2.3545777814632496,4.912379584052296,-1.817065716663027,-5.3945010006775735
-9.746196569493634,5.778114563813617,0.07992097059503678,7.319132667442041,7.760721391261747,9.664046686663056,-0.08026671173400146,-1.790675259121926,3.53517346544087,-2.0889494174423895,4.298302917619903,-1.5641234504114205,-3.3588441250010037,2.6084523459403357,7.649456826631756,5.218187090589703,-6.4354500069820775,-8.203793879136212
5.786360878458117,-0.21702348300135021,-3.8432838508913214,-3.0714498587738115,-5.505033140240936,-2.7190939826039546,-0.06877522959298688,2.356887517105566,8.141949420954486,-9.89487933164627,6.47924553133759,2.207531639574423,0.14371510451433878,2.907411295608675,-9.018776700306312,-4.193859728273976,8.078632989341887,-4.4909561806913985
-9.302829307379916,-7.262101081206582,1.1491574318511244,4.51704773492146,-7.456811156553346,0.29019652165234433,-1.7324573283338296,-0.20030584394585915,-6.953311451306867,-9.275522689339436,5.103946249957929,7.143437887575292,-3.35207590885362,1.1268515887161108,6.4808719461200575,-1.2455883940505768,6.418293904362283,-7.499061175141248
-6.540326768673388,8.44880173988291,6.018191233957889,-9.206527414089171,1.1614760064231522,6.263998871169882,-8.901236569425901,8.483311615712186,-2.0305191897164487,8.63604113140164,0.44507437783610726,1.737706553555249,3.47338260858818,3.960059927444572,-0.3923758573652414,-8.708140966591895,8.485194913167199,7.551321685198602
-4.93444391981722,-7.82719539732605,3.2671754871546455,-2.392696393348082,-3.8589569424637027,1.441505349886592,-2.509155691870582,-7.724818530317452,-7.445700648861298,-3.3676635594658855,-2.0201579298742818,-2.893157103948427,-2.4271687912808986,-0.10038302515713582,-0.3722374435172995,3.108359349908717,-5.790478501436256,7.324531345199606
-1.8072699470435047,5.35242438587747,-9.712440565804544,8.082929490209978,-1.3562201915186556,-8.92537075757594,-0.9115504381992707,-2.931815970412803,-2.3076560153006938,6.937311572886546,-1.7909776500012864,-7.046125603072055,-1.2161484478840272,5.765376503506195,3.902940386966275,-0.589539516391735,1.3347506698617,-5.91999888985514
1.9809849079964579,3.2394050552440277,5.430865949694079,-1.523336502752482,3.924638404812658,-1.2124620485004343,-6.8516974945859666,-5.156608154048278,7.026146297176407,5.516506114417869,3.696991545808185,-2.033770770169814,1.9859304134994833,4.4124686954348356,-1.694468180610233,-5.363701758063852,5.532291400473836,1.8079628087458506
0.34523149676827636,-3.1680413253937,1.4232430466703576,3.2388725248997474,-2.8193868944536193,9.436243956173183,0.2114985256147044,2.050920346144041,-7.057442260360364,1.8454461603235828,-9.272501499542935,8.531257751153337,-1.4184761094690845,-8.12998014197504,9.292901340992124,7.224042816310835,-7.396648334820528,-1.5821706579736698
4.466060247138923,-7.192239412214725,-3.1049928028309415,7.062358810715107,-3.9839210072606352,4.275468127947695,1.586390770412958,-1.953148269620291,1.4658562887758286,8.49671264655553,9.02688597561972,-9.034936259252518,-1.7295065883190865,7.070154446433449,9.201504751668374,1.913171632565792,-6.595782538167438,-1.3415705501604407
0.12375906445600648,1.6736855731356197,2.6836288841599156,-3.949379753513373,-9.579087052873865,3.8937263160965525,0.16686806179308888,7.898821674614862,5.842241174681174,-2.2421072694233573,-6.147963042545244,6.385227071656367,-0.7310185663465809,-8.493295325547779,6.389752355228563,-0.07704345819309744,3.9145696318772742,1.873895235758562
-5.885293728841193,1.2217628542885421,-6.357783944953219,-5.984205576083035,1.3160269100629396,-0.8038767215711289,4.355119794871316,-6.280718143740566,8.507362217174585,-4.51709671215649,-7.387740899619728,4.257923493788526,1.0641410922867944,-4.104154179220856,-6.296583866185978,-1.9266557000624722,4.210839109593099,3.8408227309203458
-2.8025644994174908,-8.96232677716393,-6.462448755776176,9.964323206872592,-8.468067058732153,7.482766302068061,2.9986438468563854,-8.986817004580272,-3.9009265347577715,-9.136679114591262,3.99241242954448,-4.7116002833484245,-5.161068253742136,2.639518043965843,6.125934299227165,0.4046126789294231,3.261785549197331,-8.119508874906224
3.690248527840726,6.378944633617834,-2.7625269225190348,9.046328671419474,-1.6772216123336179,5.765634758138818,4.779529005055515,5.457116329601581,4.353924607123897,-4.2821198377054674,6.791757633686551,4.986577332347595,-3.0273465882294737,2.4102892245852523,6.879344620083607,4.524739092058708,-6.752341457276014,-6.806030888913199
-0.9064293422126806,-3.160082608404407,5.2324268227592725,-4.947035043093589,-5.206539498422509,1.8775695124718084,3.272352695785191,9.127703423959158,7.491205032013816,6.2747064442340985,-0.2333755015310519,7.045700623662455,2.6592582432043326,5.779125622780178,-5.269953632595399,4.713794723638934,-9.950477476131432,-5.172924233975076
-0.05484337881634893,8.474041913479844,5.570656981132853,-2.553877244055034,5.333326204978858,-2.485744553578762,-6.830583901764459,5.5471871672983575,9.523208106082986,-8.304060371051555,-0.7705902876870336,-2.3612029710720943,-1.085157428905216,0.24853116578194445,-9.17567932039039,6.2026130101263774,-7.2926652583684,-5.945195042281797
-3.8681049042023723,-5.384359695982461,9.771497268265787,2.6676763655538966,-7.615468241150712,6.621085660066864,0.9804811240582616,6.636051862452721,-1.1011172106897487,0.35764925058338015,0.21151861415467366,4.08992005132383,-1.063517880936974,0.28225307719124615,2.7853706147419253,1.6645401027290703,-4.418380714223291,4.956011960866892
8.139991586143413,3.3011657106157237,-2.9517668150468745,-8.995661764356395,1.2567166917825912,-8.131306029112933,1.5894671523527713,8.618143306225736,3.4878857075493954,-1.0502360517289944,7.93487499866259,6.805258881007138,4.8364127784895246,-1.2338879517252632,-9.751939101014397,-5.7506459634700775,7.606019925643647,3.8804471870523916
-7.356633461253943,-9.384590712650514,-6.10416071125663,2.878095317978623,6.169853484141029,-9.16732540969889,4.374831536224406,-4.669609124808007,-9.456246427945063,9.549524961770867,5.606945704700507,-0.6643144923737552,6.858692628005588,-4.022493112732182,-9.186625843677756,-1.362770400529767,4.696925225099696,-3.5291284987994427
6.197404175807453,1.5063261387598885,-4.3399680568741505,-0.6823913448741674,-4.7496855322603775,-1.3638982804512807,-5.07902873237671,8.664935371773339,0.03289342055685651,-3.3928477975399307,9.805019003302494,-4.749223633922992,0.11510619388271337,-3.609314888114092,-1.0028162272735521,-1.7197599729330726,4.680166062764421,2.792392590017645
6.112917945152947,-0.7161651141814662,-3.665379969739151,0.4090144286749702,7.670385054378158,-8.67311941405185,8.198697047827235,7.638309351631175,9.04055716863651,-4.566321039500297,6.507969298032737,0.39261106086607533,0.9054431181481988,-6.1987332551851075,-5.641490084387586,7.555765596666713,-9.782024729669319,-1.1588764705257617
-6.668397008594629,4.679991356367248,-6.57739924208032,0.5199344261371923,-4.263893720538965,-1.8552321834050556,5.262475301639377,-7.057176458179926,8.215296367629541,-0.48344058350827446,2.481531099562158,-1.8247232141120229,1.3060578739665,-7.947280393765839,-1.367878287127768,5.5535088017152745,-1.545041150736326,-8.571010044643778
-9.949851014738316,2.98796114713074,-7.575600028553138,-0.9496787165747129,8.611053672578631,-4.941100901307407,6.5763364612955755,-6.333563292059637,1.9901107723973084,-5.8989350374117695,-5.309978753955791,0.31604012468099185,-3.5264787610280823,-4.121814801795642,3.7327133736508262,6.004006049991393,-5.680785085006188,-0.8103786024973587
5.870122238493277,-3.5779006838141214,9.652378289142167,0.34076286867670724,9.69451428843453,1.6237457478068436,-7.008753955537463,6.039157805248244,-9.956332226381203,-0.22789962438191758,0.3796922299994758,-9.840160043802067,0.6362403085742034,1.7283579563011546,-8.159560802454502,-0.16955280072580337,-1.609493516974613,2.560459612790673
-5.372217949892903,2.2564950202399903,-3.11157111851017,-4.0011947227209514,0.13548232769371893,7.781018307786123,-5.545282158088423,-0.42224088101527,0.37782091018261177,-2.8621891891291584,-8.439880379428168,-1.4920669158542346,-2.354544462308228,1.4963250046679573,-3.0518923789157775,7.165503069511303,-6.194670668272639,-8.45560239364872
-2.3863660611348347,1.581883172061115,-0.4898306953693137,2.3639212331331727,-9.885492335525344,-1.5013345137038279,9.657106587080406,1.7264159773255656,2.81345012704325,-2.0585729372969723,9.659600289960334,-8.512797369028329,-3.5927715483346345,1.9110195910930372,8.918994624134655,1.735744083407706,-1.403274744051819,-4.06472278828687
-3.2051386993966657,6.576157850370716,-5.716059580747355,8.565476421176541,9.69843234896421,9.826709863249988,-9.002069907052828,-8.595885008203963,6.312758345672833,-8.10132490104702,3.3661991905092066,-0.6150979933594254,-1.8400006030042135,8.179732951590474,-6.483473678468508,-6.061630346374683,5.993510328415015,3.9172792527115874
-8.518990607154869,-8.684717870814255,2.394497713590841,9.398332809100914,-3.2165550485054117,3.0709311195540145,6.095434302553663,-8.090383117054252,3.50813573641317,-8.238933045745398,-6.67974987821315,1.6502126671270396,-3.4286745060936425,5.680182544214329,-4.860137941195801,1.8586630070240577,-4.216697792898005,1.4648128273385943
7.838388548307325,1.5105859988108268,-6.373662050143043,-6.846340730870342,-1.7626981041769554,9.331038036071707,-0.17502691945834492,-8.430768394327986,-7.436057199190966,-8.91938389497592,-5.675702180392741,7.753492659310137,-4.590208536205953,-3.7809291400317058,9.62003521829131,0.848654377910151,3.126114553425051,-0.9098909307426375
-0.15584574122608608,4.906132682824332,-2.0306356708121527,0.2984417084771067,-1.4794024301382045,7.088921522854168,7.744460556207901,-5.811220843532372,-3.785633681898881,8.487953300256098,-4.3161894819238,-7.5982658562531995,-0.6035592517749784,6.356296265695065,2.1248872252009434,1.0061354051935396,-1.5229126145852039,-9.325267024286374
0.12140358435697607,0.47175050759349624,2.7523833753402567,8.66883818236477,8.840529340041307,4.883585817518979,3.5774295668288385,7.9691951772169425,-1.6365640628786693,9.861923941633314,-4.766575070175492,6.831547957673795,0.4573359227557905,2.7753093559001734,7.25036107439816,1.3575156159984214,-6.389746173377122,2.6358553900485315
4.366795916890107,-1.7022252072283788,-6.897495296941201,-6.729196052322521,7.26669459151098,5.454827373984813,-0.514469145830418,-5.376401537086233,-5.348782474429507,0.6602370855098361,-1.506448117100705,-8.858508368717633,2.6321553499612733,-2.88379579898465,-9.370765238364427,-2.7524913154289266,6.9958304519891215,-2.8016094656046375
3.0238466353079225,5.479140365315926,5.816535557280947,-6.84685403009971,9.421562225631344,-9.195865933660459,1.6954671978274831,-9.481971663761449,-5.569153097862117,-1.316045908213777,3.729946950732968,-6.0745723789216965,-0.5672248640521786,-7.910801231922367,7.401615901399108,-4.348565108679376,8.983751343717316,6.345972895329453
-2.8090895137674377,5.269296965595382,4.237217583241877,2.695948531496432,7.696640083043423,0.19150905406133667,-6.118860699065156,4.778067865228479,-3.4965381702485114,3.460471111128683,-9.731459581818388,2.62083605319339,5.5152091365061935,-6.831720219203429,-8.857061198236904,-6.52805280404146,7.9097070948604085,9.719497625893716
7.523838545913833,4.725397679617075,-7.487498865880635,5.109376343401797,-9.0236217338784,4.866715800039023,-0.3400002136105478,4.312106585598833,8.271186485710341,-0.01185176350687378,0.49566552675426223,4.807168583358862,0.7075364549950365,7.811227044197853,-4.971366781297723,-3.890193290884185,0.22165784626166385,4.811260347019985
3.629203368332462,1.074659201591171,6.1107334494899455,-6.473598147736965,-3.283145647298915,6.438272068579916,2.069183132405932,0.3500407133137422,-4.772813672249949,-5.218311352903358,8.718271980268746,-0.996476278592084,-2.5985983914890864,-7.098327402871492,9.40868571591777,6.289035523596059,-3.7443881640828653,-5.565643648152452
-7.139430262780322,5.796302577733094,8.46217046461813,-8.407977784321767,-4.513924331788695,5.365005088053643,-2.7181685534944826,-6.353786749761429,-6.850263448465679,-1.2136979424136136,-7.404931803394175,3.7798144500864552,0.6904448936881202,-2.8777489683704953,-3.6691462343168695,-0.8042591353335808,-0.5567407987850377,9.135515074336066
6.329466893100967,1.6008363018085774,-2.308129563741373,6.84717532729055,-5.678107169621942,8.758325639971524,8.591694600297132,-7.50833386566895,6.251251678672546,-2.4607341189954335,-3.3952788100100584,9.293689629803279,-1.5794081679208531,-5.065450437560353,5.134886980015862,4.802528636263599,-6.776319059093234,2.433159203246994
9.776991167315007,3.613017168406479,8.036433567891194,3.7601546258099248,-4.048881478279432,-5.910628848675619,4.2323789185762255,5.071410243014778,-3.234682731434968,-5.1218569057482055,-0.4108201723770133,1.4555954197466665,-1.2634097382360938,4.861554248661413,-8.535033678119204,5.587611606269949,-9.917659721395252,-3.931169554678182
1.1820482763648616,0.9664644295571705,-5.6148709575941975,0.8777296646510138,-2.4611091274163304,-5.467183342583386,3.4731212579045696,-2.6005029174647376,-5.102222244778217,-6.179648995678397,9.116814234764938,-1.2189347825685246,-5.414994424202913,9.189112288206609,7.638891643958491,-0.07434034655487132,-1.5319551165041556,-1.6468113707440057
-1.0431710419393525,-6.886837937205186,-0.2871151459238668,2.93002136412567,0.12799811342560474,2.223558752143429,-3.987741974656833,5.678483357087089,-8.029633003268753,5.719810600183184,-3.001942215054827,-2.17385985993527,-0.15195224827677833,9.08327516340616,3.0993306183698,-6.059378502609187,9.059250476632112,-9.198473141975114
-5.589641454103704,-0.26750223149871033,-7.258047993912584,-2.1666805342347306,0.9398968716402774,7.682317396256021,0.4544001099165982,-8.063892050531717,3.531407875735649,5.008225249843598,0.9864065819104368,9.167186398828818,3.7809601001345587,8.111868856290332,-9.060748807666268,-5.635188923833637,1.2576212594666139,7.403869925992673
-3.280908798219027,-8.803484847499863,-5.5662384454019325,-3.539666518053699,5.703724587800458,2.510949995697354,5.381590794971277,-8.093703332321668,-3.052448150456306,-8.343405114622197,-0.16552766373239436,4.6315987597828805,-4.695067893917693,-0.5245320318270625,7.809094260292053,7.931538440078942,-9.83125565849744,-2.6116854727553402
7.51755854130829,6.241579060869871,3.361311274417801,3.929802134408959,-1.8420613597596898,-1.571457489127841,-3.2760708859491094,2.9490213435715713,-9.288916955265872,-6.890310041574452,-7.750646751680186,-7.109713949033802,-3.0976602946406295,-6.489728983142175,0.1490182460425089,5.95155477905843,-3.394499074441071,-6.337242354381294
-3.672717501730358,5.415805895694906,5.9731458754309035,-7.5896547090720485,7.10211841492119,3.9199910898063006,-1.394189805644313,1.028561326715927,-8.43819635781099,-7.818790555892523,-3.143836333906944,2.118627014703085,-2.7097885203374243,5.70962016509791,-3.347036442618718,-2.987988908758825,2.372244963637529,5.116428628931818
-4.641584996161754,-3.0069421653382955,2.8597482517642057,-2.6640811591853053,1.2533960072308385,5.075002782998963,-9.089609431389725,-1.9407425260055255,4.0920397126427375,-9.686207956869659,-1.3285607978785343,7.190735307145221,-0.6393667226980408,-1.6504415308129143,-6.294353607569496,4.963264253903324,-4.765897289845531,-4.447362649602327
-0.6811477829100099,9.178901075946857,-0.2629357549415534,-4.988629335563162,6.026819776525453,4.709748345329462,-2.482464565867657,-9.102407982906547,8.203499577880645,9.151935303534131,2.7376800867142457,9.760311709672791,3.2695854845747068,3.910517813085349,3.0526665988801955,-4.551888855091734,4.583019344413486,-1.363763572181945
8.936110996166093,-7.699897923882961,5.617596465759348,-5.484518003595897,-5.4711874297168155,8.469047115183134,-2.5095076299165804,-6.03063543541939,-8.428253173925754,-5.923210678053213,9.760518644061143,5.509565643014277,-0.7848252141447745,-3.47191871636765,2.4631040632478474,6.487921522595929,-5.112106667568814,-8.508266089259012
6.616793336522576,-6.01030341417097,1.4416083716336807,7.068906953144772,-1.4179573184989298,-3.622040804511684,-8.687480412029009,-5.873312295684596,9.696327327272456,6.048612478891599,3.5185997603943804,-1.549449089933601,-0.45239488170211395,3.6666349689309072,6.804380092051286,1.840969356178066,-7.432056974314105,4.322032156063857
4.050520027881664,-1.8688430306397912,-0.8015380515363173,-1.8946579644864343,4.039749482739047,2.7630584272976844,7.733801934583013,-4.702789819556985,-6.030833795471722,-6.0166485462114245,0.5892002695752332,2.247533953882053,-3.4839287843389766,-2.4418916068746155,7.381165456677618,-1.156489520083035,8.045946190651176,-7.693678326405702
9.59669842838094,-9.030393585720145,1.9170572100690126,9.507694103076094,-8.22404616978721,1.2027033890485193,-5.420834671780009,4.279979632180158,-4.029771959335751,8.908192168901689,-4.158590641700252,-2.660885799111135,4.3971738178446635,1.9077673774039283,-7.49137404791445,0.48997942416503726,-1.011031532698512,-8.089036868499788
-7.347736219093681,1.7569474932081146,8.621690299389517,-9.084470278557035,-4.716837533964895,7.979954026753827,4.660064989174446,-1.9699862651607187,9.846686014120298,-6.4088693865706965,9.851709846117224,8.871874898344736,2.7214325826226826,-6.179853680861632,-6.214140294198476,0.3262770468418097,5.807324699466811,-6.62926532542887
1.2576613818666456,-6.7451486874182365,1.0368755959117237,-6.751313755111266,-0.2666505144636826,0.8149953344570822,-9.838212270875921,-3.6914127892727695,-3.941217799669012,0.6968087276212369,4.22359716429116,-9.27634069130027,-1.025138085215529,-2.449259262176815,1.5247218856885425,6.86195293450022,-9.485404845887558,0.2124073020292876
-2.7236739631787854,-5.969730678204819,-1.6800281643438595,-8.652752971424139,-8.529648275917427,-2.8216582703824855,-2.0442458368971756,8.75721561953198,-2.9643057552958396,5.944196880245492,-0.35031993677896445,-7.190949132244757,-1.6246183972469108,0.29482568872666093,8.327313946316423,5.790667633769928,-6.848438301436333,-5.549661749657588
6.469081593581514,8.672262156202645,8.251346507899221,-2.339977309187928,-3.437682535067399,4.219714941981946,2.3568612730252774,1.7306683425515317,-4.404594003502272,6.499353977591397,-5.53501242098569,-7.213676098100123,2.548655957841577,-4.562484540389198,-2.0440283450820607,-1.7844132717575096,7.612954574552489,-9.010013819151347
-9.341669896185696,-9.479904720563484,3.430768351584925,1.484384364193705,1.8997036858454823,1.683503515878078,2.762396413553043,1.1931331833630168,8.796744634115555,-9.672549911436183,-8.509521039122426,-0.39030635345610953,-4.022380313599896,9.3138245184143,-7.2324938364687235,2.9997412197850704,-9.633601683056614,3.5764186596357703
-3.7352379542094454,-3.944793612491681,4.544355498799167,5.4406020979849785,5.835091454203331,7.598732600609338,6.611288326667967,-9.98731074210976,-4.413989620631407,-6.845411969538519,1.2456864734245787,2.476335245670864,0.1453600353348694,-9.600044026962035,-0.6777288077679238,3.151984517525319,3.7232721759129443,-9.759311159447282
-7.521640555391378,-5.693127479625659,-1.9804752122177938,-3.8619613655558993,9.887373158493837,-4.673491897063132,4.764013432368904,9.712678169927024,6.263472419414306,-2.4383330777879113,5.9936829011897625,9.204373365324326,3.8607137372326665,-5.193470658948074,-6.3154800419809565,-0.8140933017415737,5.257373394014202,-5.373077870597978
2.427733715936853,-4.495000521346768,-7.659908888173912,-2.112247904422997,-4.58844189734611,7.435429905480692,9.213490724558927,0.8223375312476975,0.6220444414778221,-2.547617007717964,-6.560686181950848,3.2681482446353076,-1.5495089950987762,-3.11357896657465,2.9217344369603495,3.8817117439249937,-0.8792204114432636,-9.672048425880892
3.276167849073426,-8.135127249723517,7.687420370003526,-3.3335288897978943,4.770497016502777,-7.314549567305983,7.594652944113157,4.546575884240589,9.421457829312892,6.611909930142993,-0.08417230249119889,4.7345646605604745,1.278823973402785,-1.4937573005719162,5.040398232954118,1.5912289626492786,-0.012838093623873448,-8.145678870783362
4.586352512524128,5.8247405636921705,-3.9857536315725417,8.901351596431944,2.3334906270663254,-2.220761892507113,0.025664359202410836,9.810135683988253,5.345610593518428,-7.600427845330559,-2.449225500844017,-1.4611714840682666,-5.090015746735636,0.6093013342121179,5.30659316238375,0.08630410403528543,0.11642032869650265,2.2901459134142605
8.061925194331309,5.737808263476758,8.457647278949729,-5.3302925414042885,1.8700649813057169,8.217279238132235,8.349483344507306,-7.235785730427812,1.7978181911981377,-7.547629283135022,0.06482998541184415,4.515787156439753,-3.396825845748661,-6.805943838089606,6.374937834672096,6.0889653398327965,-3.131350507117565,-6.016574520083537
5.4979917594579,-4.509306120668084,4.517814006025834,8.429965866640764,-8.049610023057099,-6.7605215246800014,4.960429601784924,-9.997505533237893,-5.6018694912298646,-9.481880556558247,-4.019830762221154,3.450173314180752,-3.354102559006094,9.264451927888246,-4.397117567239253,-1.0655579275046811,-0.18028860373240008,-2.7368209353794075
-2.3203180691524894,2.4072425103708817,-8.577128322269944,-2.85273287521915,8.234210881246387,-3.2043823592782505,-1.4617569322236097,1.9837190126544684,-5.181207320009637,-0.4377381909774165,-8.918746160158301,9.790924119059568,-1.5727095712760821,5.401488067062273,0.6777394941617558,-0.19447203926544177,0.49630549536450985,-4.06602948267373
2.872324437161165,0.7550647131041366,-8.965174612184551,7.708926266232115,-2.4333140376000317,-7.751083807415258,2.7292563377835517,-6.012602650669939,4.211187074122332,-0.0365977254163834,-9.92107138194748,8.299225346339153,-0.6643901739998839,3.2490372385879596,1.390934508769801,-4.157765790471291,7.585140127778388,-5.099776023470275
-3.70782131471236,0.902369435648362,3.1498225410952934,7.75783195803465,8.906147903119788,-2.3185949170879567,4.198733783944096,1.004151984339419,-6.061855921055466,-0.6009308256060208,-2.045859345802022,6.6921018158162795,-1.8514259353457483,6.718070809107864,2.3210995560006182,3.992679233671712,-7.221351354150123,-7.77460313268973
-9.469967515008,-5.873302499039774,-0.987290225640514,-2.249794484592824,-5.250826606369808,-4.095378125295445,-4.509070273685117,9.755344860713631,1.0939911878629989,-4.932086751402851,-7.917861696972617,6.7720188322849495,-0.7076271762423207,5.657052921721167,-4.4859274338119715,-2.611469400971906,6.243329766141915,-9.036153812809866
3.776943708020074,4.086733751331948,8.431941419203472,8.236819433886179,-5.385915113927135,-2.325918895238946,2.2560999351767563,8.970327505627093,-0.2543658157073274,5.266319498565288,6.3088202047832205,-8.460895458267332,2.945141537336349,2.5308274678954668,-3.707256872800901,-6.280225526755483,7.0204785356445925,0.5719458078664257
-1.2452711958273532,-7.5881505738561605,-2.3118755946703935,9.294949916453845,-6.158383855895764,-8.406685458830008,-0.8005094182566808,-8.76052645072362,-4.350961608545139,3.557562460019774,4.310397814656859,5.083975766500712,0.6756251088521914,9.057865606072617,-0.5048312385209304,-3.5253248886885213,0.21130622177228098,3.336438067585302
-9.219129287560586,0.8776306102202369,-2.3107230609404965,4.553413556793943,-2.68004974972685,-5.705936843716031,-5.923561460652982,3.942976030551282,-1.985782978191759,-6.703229545315736,7.064006230469513,5.26964721796433,-4.726812877238449,6.1903471247120905,7.4712049545706805,2.4154892562960324,-4.34994342076614,-0.013478610470734509
-5.4224607437914045,-7.348603128915078,-0.5525946424050137,-1.1087668704132057,-7.164248685444939,-4.376219604729512,-3.813726032722549,-8.328904783296892,-0.49377788746184237,4.459393346789861,-7.98438102024072,-1.5687206767090522,1.338374996241738,2.60342102992354,-5.047385679540044,2.5783588453993094,-4.638302085313688,-1.250457495919811
0.5967208853346406,2.589960694892353,-1.8162056125634898,-1.6987387410149353,-5.159245120970555,1.6843224859333539,8.897857089807925,9.95868969933634,-5.838497466202317,-0.45118647781076504,0.20280895490601836,9.435317364744058,-1.791967534452974,8.10311792111208,3.676151037437677,-0.46144407427301104,-1.1807971278874678,-4.554474970820777
-5.008440693486744,-9.199465327155176,-8.228067572182777,7.593552806017495,-5.370510350065601,1.5707658363517858,-8.911931497755763,-0.11194214276252978,1.5276001890305313,-4.4151804404768935,-6.081677221715958,4.720926787385531,0.7108757723537167,3.0440569490390352,-8.794201671957731,-1.276019821327477,4.296867001657619,-6.618576974232857
-0.05119362738375166,6.374118224328484,-6.824146225987029,0.24639805334717124,2.3364943042135806,-6.6014949987978655,1.875439781206989,0.6735997576639399,8.907001169141488,-9.884660694374116,-2.659522852302012,-0.6034284179412541,-6.296671444569746,1.2562044299109267,9.463240259442117,-3.89032286548888,6.787405569725024,4.894180492815998
-5.050433053709584,-1.1426026763968693,0.8012657389567952,-3.3551929502965834,-4.6046527671455735,2.329739382685121,-7.706032192058007,6.306217431729042,7.1090461778347915,4.391266173439,-2.4120812406900782,2.8021049277061323,4.920316981108169,-8.6709526796259,-5.172037177930537,-3.9582837874227312,9.852898182540482,0.6968584060516747
-8.001739818066696,-1.586574667433835,2.2836586431875876,1.6830788942840318,6.286028418539608,7.3930037119857275,-0.5314599134264064,5.272562240422786,-7.414151722139923,4.350624405506196,-1.256748553348281,5.381207550451389,2.7000215731425374,4.497527716628717,-3.427679768582066,-8.05019362132624,7.153882444221761,8.401093415280968
-6.065397937560457,-8.948082108013493,9.348996558374004,-4.331638987390683,-4.508127975564009,5.979526846146996,-5.926655800418792,-0.6852755020350152,-7.9770975911346165,-2.463171732032931,-8.177302068035434,-8.628639406593583,-3.5410863549614335,-1.2934317084762768,4.6391376716383945,1.5352608368068204,-0.4194799676178427,0.8036184133687474
4.326697457489333,3.786886585504508,-2.596286022200223,2.101874732771634,8.576632802610572,3.4806558858888987,-2.856838341251173,-0.1155521143176017,-8.330494320498943,3.308291492948296,-1.0808852117399237,7.379985444154773,1.8851356544357039,-9.82439044932977,5.464916936878179,3.075424146714397,2.992776773015528,-9.983085184446143
-2.1887761322193526,4.549472994804361,-9.030399805352216,7.377914624283903,9.190986857974469,-1.6534871378168639,-7.552241321022162,2.883537882531332,2.6954812490089743,-5.713068678847371,7.883689332888469,4.084464693118402,-3.29718256587954,0.9905042248611284,5.340652996038626,4.88611547248345,-6.989569189625167,-1.2777228025498406
-3.42671879551067,3.4051959489509454,6.87548468864135,8.178801970807804,0.8989211475819268,4.723020967728868,-6.658476055780554,-1.4227109832174012,3.7063469032800445,-3.1835128472620795,-9.534606033690958,-6.040318118516515,-5.2823399796553065,5.201781914357586,7.415177668575083,-4.225025993872054,7.1082574069217515,-2.233073830165875
-1.012040223735866,1.6285069617857655,-8.104283750558878,2.252975292435014,-8.539156888635855,-0.8636990398296529,3.9214132323076853,-0.27393706518723704,-1.6907958939243368,-9.737966093737604,6.008490020066326,1.3888276312379144,-6.213668727578341,0.2934880452727473,9.889430434465854,9.49053557797334,-9.932716735444716,-9.361107051404806
7.528658096685721,-4.643595936855798,-4.114522591853675,-2.554035741398768,-3.776515938291931,9.675342664520258,-0.9130348808824245,-2.3082910588326078,0.668689453666147,-7.19250747768225,5.171073955760711,9.328285807223516,-1.4632585928892983,-4.969955769830976,5.418160366299485,3.1044103538875483,1.957483372682118,-9.712875981242696
-9.74390074884748,-2.8985912493668913,7.184966060835599,9.102151715312054,-4.577752780464199,3.1165179680766926,-5.827740724355972,8.593227485051859,3.8429653628945015,-4.6746633520046466,-8.603022935633511,-0.9566919980318893,0.3604246897593484,-6.3244213397191595,-6.079935032634003,-0.9467427034546656,5.431405532928629,-0.5434926187694806
8.357419237803974,-6.264814901052464,-5.68198898831313,5.26237487868908,4.75972076597791,7.157813230072982,-0.922105542320093,-9.744164556981119,2.4188170564172005,-7.440104691060149,-0.3261116555856738,-2.9883248959054765,-4.2149661133040155,-7.576294787075013,9.079750669190744,3.6889658160798717,-2.5055768029225973,2.0741795598061827
-9.412628313120113,5.89384204114047,-4.678651147575003,8.529730320467372,9.292675379782061,-2.9018538056762093,-7.742818305001517,-7.822930223035167,-8.253476912830738,-1.1368586434986625,-3.0818359049284494,-6.367936544063548,0.901159445938152,-6.381356865204935,-6.706258567922538,7.20714631566554,-8.242369915233652,-1.2889275815952477
1.4701490913567223,-0.9219231158063756,4.592352638134031,8.782288378322146,-9.371054599837585,-8.542091910584492,7.407662887512167,6.498410728148013,8.769046567708624,-0.5392091579490899,-8.105011688786226,2.3476371743636992,-2.8289385980959914,6.075463462223155,1.4543502318823585,5.102886886574002,-7.742892191896975,-9.272354007327833
9.05993172534636,-1.2300576746222092,8.776686997857887,3.0456257865376024,2.0365449843756362,8.974890663747694,-1.752546094632919,0.7161725060451332,-5.167956069979902,-7.408845381262816,-4.08201193801621,1.66712514865152,-3.397038930158196,7.507351902754525,-3.437337061476442,-0.7794269364588189,2.5244156479227104,-9.219253026175132
-7.026414000556905,-2.4067241202667944,-2.1100118190196397,-0.22720019580905237,0.9766203156639186,0.7512033088907941,-2.5085965398732775,-2.7809089253615626,1.2791318338284263,6.8119141613148315,1.8694662088639813,-3.4652589699966967,4.189808693095214,-1.054387456057647,-6.3856858077464,-1.9686748439069373,5.715660119338427,-6.075771873873608
8.314276513108393,-3.1978827640768444,-0.13766234508739572,9.985725993656377,-3.5617871256421623,-9.582689183204767,-1.4631032907366333,1.7155550841017195,4.4501020182236335,8.288738292777417,5.524920028885006,2.4008014932788964,3.71535818609086,-9.452846468974304,4.765974327563745,3.2751289715480887,0.4513321982575107,-7.775785565351256
2.0125535845944764,-5.513058009847864,2.1132323129192603,7.122280057231901,6.26415814906732,-6.4785972139669585,5.180214631075042,-6.668816155892998,-0.6135905151877825,-8.916256903380068,0.13218554757438739,-2.1653906720377547,-5.0535989714744805,-6.696211950337972,8.783208207523671,7.0215811670104635,-5.461160583981588,-4.837191074663895
-0.07890877842039679,9.888261141187922,6.6378443933870415,-7.341753359112959,8.865013478502007,3.1038948669177717,-0.19956861193009168,-6.0981911711064445,1.0818511626084693,0.24303910640734294,-0.268138258811625,2.171518535506703,1.0207485534958565,-8.900348933493124,5.075012213039699,-3.264126099343409,7.408346166331199,4.46014975734367
-4.2891292922312685,-8.772162539835705,8.642094128696606,-8.044841374019756,7.468942377259324,4.835140923711176,-1.0832058622419254,1.3713320337456825,-9.015161588509113,-5.402595594824254,-3.8021513090143593,0.10474646606976457,-4.29357368371395,8.097579761331449,0.3002492352376418,3.5248745612102326,-9.991483745055675,5.320462428899717
9.774992752394848,-8.197223605265409,5.915529444560317,-0.9075553416858391,-5.174634438834911,1.3542765262143863,5.943290837122998,2.7651217961007273,6.506103405263751,-7.4214518721338845,7.705278980639683,-6.555998843155166,0.1941764346735546,-4.895801461320559,-3.1901983949198343,-4.423096430328631,6.6853777774095136,6.946311198955598
4.695263895365425,-6.760784409266196,-7.396100747044176,-2.7160261671489323,4.239364323885093,0.5423422244407519,9.351833518796123,7.83527539203655,-6.120415566298368,-1.9469677758777024,-4.297307022900636,-2.126889656276923,-0.15445771953748455,-4.766253046722104,-1.0846508510257014,2.6193016627451406,-2.146844424511986,0.11796625782925574
-9.942092219116436,-7.43537719117088,-2.860208826613791,8.129694891940503,1.347276433213997,-4.701547823573624,-4.999637437678133,1.0377535137084024,-0.018906462806810964,6.796719472044746,-5.000456661582973,2.733572524453905,0.26077400074672674,6.884474857859651,1.2417346680143009,3.6638862610932463,-9.828062928850322,-1.111877878137932
-9.333926253691978,-9.348016781129019,0.8747556037424076,-4.949842022019865,4.828849841376112,3.6199422234153964,-6.265552901014029,-2.5625077778862826,-3.523024025887647,-9.873281345335446,9.751043003101408,2.793896217170442,-5.434060539158578,2.3020632337954225,9.831234635724833,2.372586872274198,1.9156689883567815,-8.057017156897839
-4.747597533277497,5.672930929544888,1.3270690197839627,8.086307541002807,-8.969881716467665,-3.8464297478132803,-1.469985528295508,-8.735742453342866,-4.779808355899544,4.429213377513326,3.972494851473172,8.394429665478953,6.5669544234659405,-5.9798568968037795,-7.22133935297554,-5.903789950887028,8.740859670882102,5.937976586940781
6.703122525128393,1.5242215396161125,4.3934020387110095,-7.726710034896797,-9.69384721215315,3.795401446190173,8.375439535481096,-4.855122346192735,-5.249793500029394,1.2937818091573394,6.931464604283704,-6.212835932135546,-2.0062402622103175,-4.826935123268696,7.536810126368248,6.674313152812804,-8.250577857210086,1.4327561568331415
-4.769003752396372,-3.242750330066224,1.81725845284973,-4.969385891544807,-1.653381188735203,5.556607289238443,7.060640446554199,2.1238218381987295,-4.075011662994199,-5.110472180939746,4.135487359529257,-4.021330116084474,-3.963387327898409,-5.56569833295633,8.88102129498684,2.788463632551588,-2.544652829044045,6.513239982245484
-7.983005642238679,4.899711110149568,-2.875312746420553,-2.7501364007924822,-2.756365536412229,7.144843790022211,-9.86148018757999,3.395444809764223,-6.968007417314523,1.2357171430863154,-9.324189935214136,-3.5707663163839687,0.013009126921383896,4.771052477239451,-5.995294166899486,-0.5057473204786831,2.6780062542422183,-6.880167198379286
-0.32734683202557946,6.457975503858847,4.358661424287744,4.231990622897971,-0.6562854812880232,9.13537148928522,4.615244305287913,-9.124025517313154,2.3682361151919995,4.078136549723684,-2.2885261581507503,0.1661653702225525,0.7308581022970486,-0.797387250938117,0.6738451669305441,0.9636797872762077,-1.7696051878628758,0.408193735009581
-6.756733414715335,1.9410084869885669,2.975537150653455,3.1939132137980444,-1.100369822913926,-1.1168553021846392,-8.704360695509658,-0.9130244969081129,-7.319158500750033,0.8603665852677356,-2.3674926122718665,7.072002375629761,-2.3982995547386317,7.332274847726087,4.174610797549219,3.526513138565905,-7.969311422984511,-0.808272256159297
-2.247855772170018,5.004594644746351,-2.685123861130309,-4.362902777262157,-9.098562195455733,6.454150327509986,-0.02400164683577799,9.74218261183367,2.3175368467110875,2.5014733329560315,-1.6454666037052093,-9.938038555486175,-0.6497535623679784,-2.918089251415335,0.7926828441927203,1.0952326532189147,2.2857909396805205,-3.3443388214450476
2.2142286880800928,-6.879153068106785,-2.8984189789019243,9.50318383843097,-6.466663262858832,-7.946352493744344,-5.448480553763677,8.203610760259306,-8.452225530981341,-3.8246537899808475,-5.996378700641536,9.242108361143956,-1.2320555389033512,8.296181865357454,-6.836615903057215,3.413197198391922,-8.49671959531066,-1.21671884975326
-0.6672260569861432,-6.412442257175495,6.448664737277316,7.934608671608764,-5.561539404481078,-1.535329275033492,-6.482700167466298,4.738769831334686,7.720150121254832,-2.0854840557787906,4.736256470880154,-7.016529352364014,-2.3805805760306757,3.110070915565341,2.6127343365589706,2.3104470105482644,-4.559255903199205,-1.1768742666918435
-7.561046786898029,-1.9753326081708238,5.384388183657741,2.778609754250091,2.924657246570634,4.265939973617849,0.5923778721268658,6.45319368974469,-4.979615362327894,3.653609247710232,1.6513240315721678,1.6742729995497072,-0.27318273960644746,6.5886361987032025,2.95652793384213,-4.138415075321074,1.5659721348280193,4.969456352298458
-2.669184526103834,-2.396414262674991,-6.022842891054577,-5.3097203276504885,-5.004033991503281,6.427799830446435,-5.950121143088873,-2.5941569622543774,4.5909863792896175,-5.841835539520703,-2.927601657609724,4.95264572916019,0.7194184571940436,-1.4260874828401313,-9.253291875405171,5.388817610400592,-4.224779203459155,-7.211158393407333
-9.270782683275687,5.736016606571038,5.4770853672103605,-5.524588857585506,3.686645269127098,-8.335868161247644,1.0588195791709119,-8.575022406869888,5.7797161672527295,1.8133251296776187,1.0465999864172986,-6.6975682134376875,4.784194859539577,-8.163338685231912,-9.266600399806055,-4.374511278572461,9.959526050375484,0.525736377273379
0.5202176556516278,9.190413427738267,-9.682011935402066,5.2895494471822,0.491177673548167,-3.7784744455966246,-8.562026398675249,3.3670965949747718,-8.963250822254548,-8.74029619047201,6.30104992586309,0.1589549986888663,-4.334144722396315,3.662872765125737,3.6223320092404165,4.995972040441661,-6.554333053872807,-3.214096019255786
4.766013411780479,-1.2267391292073064,1.597740139731405,4.619036279055358,-6.38683475051714,8.605740738884318,4.545000661790935,-9.555545966451046,2.171662879812734,0.11634087691033734,8.615133358499754,-6.529907541683693,2.2285580628294106,-7.740885483649151,-3.18837846642616,2.618581863644799,-0.6414774114414818,-1.2881909322197664
-4.338813773066132,-5.176094596158071,0.6526491625457336,-9.960646088090265,8.017745874152745,-5.370068708077027,5.244185286450914,2.989294893381814,-7.684988335279684,-2.9439446213709726,0.28403526091452846,1.4103268888308822,-0.5067226929433772,0.20439162210118056,0.507267980279309,-0.9792488204688361,4.966650351484251,-6.325019718025855
-5.603699118835408,-4.099219775296015,-9.731064240042901,9.168169428530714,-8.602819800094725,-2.8597598308240624,-0.858917282504585,-7.384217877077656,-8.81603008325686,7.5630908813031965,-8.79464776072764,6.534341753607912,3.04372045368204,3.6627235054896072,-5.243774134549984,3.105296788957883,-5.187538430276608,-7.383811477993363
-2.597518948886341,-4.124101472756578,7.167262972299476,-9.207826013977808,9.09724507514101,9.736639674040347,2.816702815148668,-2.9832681598524147,0.33153045396749903,8.782473045811862,-1.9236877378650412,-8.284770924708685,2.5205911629242657,-3.2930940542587646,0.7386588406741232,-1.5088036606692725,0.8249454634311384,4.188698415474633
-3.9156018846878897,3.2019020893074295,6.5614932679578395,-3.6338531010362,5.338928592228655,8.513953551807273,0.13291359948516046,6.280065031694807,-7.236924206287421,-8.207975329787065,-2.658379520329744,-9.103444926214744,-6.666491987995176,9.618402573937487,5.614290470496552,-4.987677785711835,1.641133129448738,7.4700760224049745
9.711807764390205,8.011112324776978,-1.9967829379973807,8.747161226793281,-2.9191426008074632,-7.740242045847179,9.694785360788938,5.5791123814314645,3.7927261896570634,0.9848336153588555,0.8913729906288701,8.757438970034105,0.016263000357705337,8.097052533960088,-3.152980130832031,4.295768852163093,-8.721162589768118,-9.18458809102
6.868092552457952,-4.261310636553752,1.7615116326939173,-0.751275353941443,-6.125417915263949,4.387254479471343,7.300576416897275,-2.7622112791727886,-7.281895201509466,4.854667643682289,-4.349175914551207,-1.5651302611108733,-0.049181427913072895,5.21992849771757,0.5416660451408379,-4.605989443167928,8.104585118314098,-6.533951400757678
-0.7255790219773921,2.5719221114089574,-6.2485507439943415,3.314625042905984,-0.7382796937597504,-7.772756521696089,4.820130223494504,5.80557582870486,-3.1753026576852665,-8.67143458567507,-1.447580901374824,-7.467904141692778,-4.043575975563054,-4.890252293056873,3.485914240145851,4.393880582673166,-1.7304328312083612,-3.728766768569036
4.58426674099454,8.318293761468485,3.8851238146720135,-7.67750142712927,-5.015288891633389,-2.012475844731812,5.373421829980597,-6.6871167903955975,-6.334473894832904,-7.08676856555547,1.9204575956139518,-3.082195228939808,-3.4199917627240373,2.648067245257268,0.4920868515930348,-2.6072335964039723,2.892798816214931,5.889716710562801
7.885834095813113,-8.038461898540339,-9.567183470612088,3.366124517628924,-7.4157111697514,3.8345061684173842,-8.24628872455121,-6.204180060644333,-0.47038057776263287,-9.86268918161937,4.0499055899850305,6.210351690795573,-0.6703161418179029,-6.090210193325431,-3.8583906886823183,6.1422623411144635,-4.618959991932985,-2.8412151678893256
2.3540447558669992,4.574151793625303,6.973251864189351,3.178830611333721,-2.7595985225323965,-1.56197838230643,-7.666917286989097,4.42550401826939,2.684876668813075,5.365224254013537,8.024465141723027,3.5305128434900332,0.9940447656014957,-1.399154857082376,3.780350626603168,4.824700325478386,-7.063181608404134,-2.336281854536564
8.330899229619494,1.4703390046625504,-4.034187159363234,8.670318352775897,-9.32503860444018,-9.330821991674867,2.6241469704563762,8.791452354686356,0.010083403841974814,7.0796357858822,-7.035916171904184,-5.167758897300823,4.655192060158624,-5.35338179406587,-8.027529340792283,1.6482142949514618,1.6737879674123324,-9.669880955657744
-8.121173111939202,9.438608332440957,4.541447216196611,-0.914816752093051,7.325150758829846,7.009520930459761,1.700298081538559,-1.7414715012621773,-4.303425461630717,8.842309092250144,-8.00417305294161,0.18526593404155456,3.3161038766738393,7.739333764644499,-4.516720557450384,-8.697209135837225,9.932918749961054,-3.124703588537516
-8.5832273199552,-3.455763672403183,7.71574927170224,-9.49233588065258,2.4247358773087395,-1.7301460800604023,2.7065914056575266,-7.054781236950445,5.899921873834245,3.5487391700314586,-5.0232896862981775,-7.697539275665433,-0.29296191038393005,9.720405750050773,-6.354934996653108,0.5039969596006149,-3.304624259216091,-4.657200138636581
