nrep,I3ueta,I3us10,I3u1,I3deta,I3ds10,I3d1,I3seta,I3ss10,I3s1,I3Teta,I3Ts10,I3T1,I4eta,I4s10,I41,I5eta,I5s10,I51
1,-0.6251240126061202,-4.523624728287279,-0.3779010188486094,-2.4144136625099417,8.636970275629071,4.264350652013674,-0.18621812001731364,-4.155225607458533,8.246668230289835,-9.600825145486322,6.775176900067802,0.3947318012931653,1.1415665664218082,-5.171171599769249,-8.463088295329102,-4.4543702898869135,6.591409150055696,9.716615384071218
2,-2.586138320546225,-6.096574532018499,5.367149343489556,-9.202704772515522,0.21719724118714367,-3.8875760504228403,0.28299589411712844,3.1745564073311634,8.624765679262175,-1.0204226344432037,-8.293740636601235,-1.3774797377452614,0.006596130522547483,2.0058043863635984,-4.658113799852126,-3.9639357116389284,9.63635502385084,-7.088855565519763
3,8.066784616085123,-9.647872815675015,8.262661283495497,0.8165858249996241,-1.5692397001996312,4.176642013112399,-5.3692761239481985,2.6203132595484533,9.20982736924455,-5.527694992485726,3.1775474190790938,1.7091300246205083,-0.5647157637055003,-9.035455301070321,-0.9389529558644156,6.856111505756608,-6.26051122447957,-0.30465210670872267
4,7.039339377851146,-9.861432887815413,-0.021560718290213998,5.983847513315013,-4.986076306347242,7.163933454407726,6.567428099064497,9.23526843141898,-8.282864209183886,-7.833501421328675,-2.1283093635420762,-4.657338007778988,-6.036688812113782,0.30234302235557386,7.663288495307981,2.725554215978301,-2.167765484777151,-2.2829477852388447
5,-7.536242349256188,5.796327569748737,-7.691084761995324,-0.40510635464577405,-1.9638961530718646,5.080772800014991,6.833823669091458,7.029587314264848,-4.423719313092778,-2.669158960480951,3.8231776252738605,4.010929914192825,-0.186768907307993,-1.5232300487591193,-0.5596693479562642,7.454507699440192,-9.589259468456346,-5.5165721742259555
6,-4.7997319295035386,-7.181432856207124,8.722431919781531,0.27718389095182516,0.4888711260387524,5.938682400438305,-7.9026093363254635,6.6929772463244035,8.373382819794294,6.903758040258236,9.292830898564752,-7.018579425158755,1.1121370361276366,5.721043958683698,-3.8382565483902713,-2.1406871125114613,1.7466274780528668,1.3425628166317338
7,-3.16018105920175,-4.241244458443177,-6.552995096036154,9.08826913635686,1.3667255212294123,-8.125074066731857,-6.440083042845548,-8.105419353073955,-5.128678599521505,-1.768994694294662,-8.36723796786076,4.9267802171933095,-3.9418049668426995,1.0775979928690305,9.049691998836362,2.2838086723300695,-0.18711860434563476,-6.077203205061825
8,-0.9721723989564364,-9.056154126129023,-6.065793220896736,7.432767325121215,8.566142952386496,-2.993301679477649,7.412996837927089,9.42213005526056,-1.97101065691335,1.855305533345561,3.985480627101282,-3.353699767792417,-0.8700403248577242,4.253006291688601,2.085048506360291,3.0212575795937155,-7.9337399665396475,-1.1368555939175629
9,-4.100795821772714,7.027934030420383,9.045786781760135,0.9511786257146682,-3.9040249134058875,-8.781308119635824,-3.366642495759347,-7.534045318697951,-9.866609811628779,-3.223578373440481,3.2015890416170407,7.171736549116737,-0.014561317098602089,-6.889418191622325,3.7940581274840177,0.922599086442343,0.07663432246440038,6.031896630089349
10,-3.735738824263626,4.321235189485634,6.927837144270768,-0.23998257121061428,-7.569368029456975,5.91327755972088,-3.0167494129144963,-2.5370886384226328,-0.8825642596734404,9.007745581309553,-3.6779584046232756,6.197085732829212,4.272920053734353,1.8710052239552848,-2.037808179664844,-2.6128209726991454,-0.5345045798442953,3.1695762567214594
11,1.06466502329142,0.707725302227356,-9.002598167358775,1.0982148505742977,-1.9898644567170702,5.533434421908602,6.601713368707799,0.5573951454047315,-4.595314497790637,8.454854815744383,-6.514669616798341,-0.06309451951623046,2.0115092530341236,0.5359767605585262,-2.000860377609188,1.2404866304656004,-5.940513506829694,5.689242742772949
12,-6.036069052168765,1.0159910903666418,-1.9163336955242105,-1.8296648277784318,-1.7469024506296211,-2.0547325542483037,-8.81831030118807,-0.21499681975560847,0.6377825596638953,5.817061553425409,4.302649130492407,4.171093242386256,0.16304365903519624,-0.6214508921156199,8.065638975489186,-1.2676113231886426,6.0777037901326345,-4.860940698229093
13,3.049380617833055,-0.8650383462675109,-7.196184463996729,-2.163595856518816,-1.605429086011414,2.3808983135933097,8.70905390080803,0.562012076528136,1.016025382879013,-5.305490108070369,-0.5566595736678153,7.136426108937979,-0.18470038174598358,-4.297860832070812,-7.0746708279917225,3.178789039709942,0.22145936869055305,-1.8208989704868266
14,7.3738950719023,-4.69654965748155,-8.766537357878564,1.4902974569477827,-6.200553787607827,-8.220818415586375,5.833787465077087,2.499505633253772,-5.9993314473595145,1.7058364466140663,8.423296157102666,-0.09515193108296138,1.9299772180381414,-0.3295729639750338,-3.006258141968585,-0.4298808948685462,-2.3241778386239726,7.36416667596685
15,1.8235385704455265,8.402348629345248,-2.7536725736066963,0.5554174578199849,2.9484211229741213,-3.1493111037719146,-8.576589251686846,4.549822631514386,-0.9133829099968533,-7.788494110179802,1.677147844467397,-4.366254886019352,-4.787836225510618,4.931940269994197,5.528301461154415,-6.526597723389706,8.983240239218148,4.1583181697846605
16,3.4854288484866647,7.546987133189823,5.643242394152402,5.031759404282177,9.538132786140856,-2.706503176768564,-7.932349753227803,0.29505076236679884,0.3954364049813446,-1.5010704563537267,6.937835246302356,4.511721723506739,-0.4935259703387338,7.925308935461985,-2.0666520071375727,-5.923347500023426,3.4910252930163743,7.933240817481753
17,-3.147719079293447,7.763801120793321,-2.8021226305434084,1.1880982740659078,-2.9175906550650677,1.0533678789551981,5.38241731680942,2.1161566921214927,-9.757076457719972,-1.4272130558898528,-6.317135846080348,-7.254483201425317,-1.152557232752553,-7.232559838118755,3.449859702978504,8.126016448431411,-7.337801278871332,-9.505404099542961
18,4.808565460000384,2.703713470858869,6.833315606817251,2.3663087834701084,-7.426859337903875,0.08024608014568457,-0.7817335947330424,1.854852058437654,0.9409407840221089,3.718594538645622,-4.036540288732646,-9.687500031914837,-2.4536587519554187,5.631549494871301,-0.49556941874348226,1.323185718535555,-5.691885629562419,5.482727607303401
19,-6.012752378404311,-0.09900595903224385,-9.115932022210139,-0.7936480227817171,-9.878914326046807,-3.08779596457863,3.5515887497656795,0.08431902453864382,-6.199594036597283,-1.348614024593953,-0.351026101717693,1.5082603365201326,-1.4855198032721795,-0.20470608784458122,1.6994038847581052,1.031129946873822,-2.926972484019414,7.509491412797921
20,9.60747570978625,-0.7450654152608784,6.039332769590835,-6.237027039305407,3.283238972508526,-8.026413457274213,2.1947564648802143,-2.2961510640211014,-8.594504337549047,4.79666674528467,-3.9487411423541037,2.7572322715646624,-3.336224700988371,8.42312705794193,7.690184646079693,3.782059442207542,-6.815169259555076,-5.571908132520158
21,-5.638781947628468,-0.19321093274404433,-1.7992576999046879,9.858434159418614,-6.0790795571144995,-6.896144330037859,-8.876292633832673,-5.078402484728459,7.60161100796676,-4.813967601492513,-3.623663305774974,0.058751580278919135,-3.068910830423592,-6.9615417170489735,8.241495568709336,-1.5218197858439488,9.917923345450298,-3.6424624443372178
22,-8.600074910073694,9.935849061763363,2.493806517694919,9.115306556879588,-4.89354428726243,-4.902504424363405,9.403557898567168,5.575648552158947,-5.216340025271354,-4.61826389567584,2.4721433300902707,7.342942425276572,1.4914323750628142,-0.6250909252216079,-6.414814229017969,-4.5182257812223225,6.858159871073621,1.461463388171536
23,-2.1113468532916313,-8.708662476835393,-4.37307962429986,-0.9795862264871218,0.2154153537385426,2.4320662857599658,-3.9630874770560105,-4.021110394247167,-1.1399368841932578,0.6301389496623315,6.974393771812327,-2.056816481869954,-0.9713987538697406,-1.8488327459754714,7.28288682509514,-4.049021000973012,9.047439940295725,0.8130647295670208
24,-5.373418697071941,9.761690673988753,-9.948044394565137,-6.458214136332458,3.6620575031517877,-2.8259865978744543,6.5817504520182055,-9.50652459420497,-9.687992602950047,9.935120570986356,-6.182222271043052,7.37575503630195,2.536927598450591,-3.597021173378387,6.257239795921308,-5.555704425625199,8.059035646530152,7.577727574704088
25,1.7160492014338722,-5.266285435374096,1.9579085143864248,4.546040980233881,-4.876959454133725,5.145202466505278,-8.323015502086538,-0.6623240338033494,-1.4312177553379701,8.018926044455227,-0.638346561454572,2.7400727446479163,3.6928116893176686,-8.211362130008917,3.9955415135095596,-1.3737027183162347,0.4614787752503595,9.947501980178885
26,8.456204967343947,-2.7066647725402593,-8.038725957309085,-4.0372758547219645,0.3287908549372176,5.335807032074095,-6.390461752378272,-8.949420600921014,1.460694122910457,-3.287218554790936,-0.15615952943187494,-0.29040236796032026,2.347620065035814,-1.956698153205405,-8.174952848569209,2.254601877849323,-1.1141190393957316,-6.713348251976139
27,-4.347242808206961,-5.839895248324716,-1.78510759903096,-3.260617447824705,-4.846882918683802,9.289317177772006,9.527768158611913,-8.204742758692703,3.4192035442880826,0.16166636394291167,-4.937688261902567,-0.397485062791052,3.7420456494506276,-4.524091325617039,-7.491603085657676,-4.5589295852460765,8.529700356270883,-1.496378287683779
28,-5.410368012700129,-1.090348448407429,5.965581263989693,-8.67768677952965,0.863509840245074,0.6538597118076233,-6.2157000048775295,-3.4163500236858795,-9.066044166226863,-4.323205096879137,2.668691112102163,6.245137195416259,-2.6535670514566405,4.143969049016372,7.442707761989752,-2.408012399004966,2.9923617937955775,0.7121035333402368
29,-7.356139776144235,1.3369814051496256,-5.27402587848516,-3.822199640392707,6.610655107918948,-7.885136729400131,-3.5479295694243262,-0.18838828423424658,-9.019044821351825,-9.056172620059577,-4.110410878750672,2.0235455316917914,-8.074054352959942,9.810402445780852,6.012083593219838,4.6565767470063175,-5.921089637307926,-4.039286273348976
30,2.9691898724613495,0.4437584058156965,-9.944043584443541,6.600117785850411,0.900259587649245,-4.421241909882925,-5.794513094328117,-0.05603977559576201,3.4990048984839976,6.252223437118619,1.1411396233962297,-9.284798696420673,3.9127682896435783,-2.7866510052783795,-7.807642112745048,0.008061986416931788,-3.2453104380546787,8.160210675974785
31,-4.436909953001058,-5.770000005912497,-1.07382784367765,-1.8268470749771808,-7.020920650914084,7.494708627618898,-9.547148728128668,-1.110526360059767,-0.032211934744752924,-6.918916921167471,1.565060094300188,6.210143023471343,-2.270393865414489,0.9623003299016712,1.2732546215197456,-3.0962628900350158,6.163494070290923,4.385722316642031
32,-7.271772412735615,-5.897153206003656,7.339264126284782,-6.713521831579879,8.222240115973438,3.4925258604283655,7.471659471991913,2.058042913197598,-0.8721168146888303,8.703519032966174,9.647473753398778,-1.0808998111508643,0.1832773108458916,6.6519774992440155,5.8272454174268695,-2.470267309511054,0.6384897036319757,1.1987670102353967
33,-3.305435041550517,5.426723337184434,3.1630967398470045,-2.298351400215825,2.047980269602462,0.8021184211895758,-1.2351998258983148,2.0887952854105496,4.974539849636528,9.544238270816926,-6.1555090966664405,8.47116907578259,4.8418969590056715,-1.959899506512535,-0.8198306345739521,-7.782796977799085,9.914354665693018,5.33231123725821
34,-1.8030707664119365,-0.14067016540458432,6.409967059822563,4.5249508853178515,2.032210801283833,-7.202292439017235,-6.8760730344811165,-2.9488355668782003,7.490276727123945,-6.246241576604701,-7.249062147747605,9.088610056062198,0.5769503359001114,-1.3128518840958652,-4.816873675327233,1.0159424382234423,-1.9423303114349224,0.29625608917454294
35,-2.0454668805532776,-8.571538587926383,9.000505446540839,3.869143309349594,-8.431434123877324,9.9755789015856,-8.465079146755274,9.835008599591347,-4.980861433103683,2.0691513672692743,9.64768010548552,-7.096934358602773,-0.16898128373296117,-4.965742853732711,9.963209234473137,-2.1549603668395108,1.0817670409944036,9.711919098511924
36,-7.785698411531419,8.91128641873669,-5.633829241009948,-6.758450663138467,-5.554057118524294,-2.4224124228953636,7.057595696291042,-9.637676858827483,-5.514364220369458,-7.895661133918139,-6.875048169377232,-7.896658078156992,-3.9687348528795834,6.277652416424832,-9.34628040116541,3.043434602077644,-8.067405608350667,8.58951604205053
37,-1.9653011936961704,-2.309212343121578,3.577554056669701,4.659565276380331,6.592344001453554,-2.30780720385604,-5.788271692608518,0.13538278230658385,-4.119074104169453,-8.998111824403656,0.3769972963120516,-1.610904274602511,-5.618543569285441,6.578110169992783,1.6759068570885827,-0.49032561659712215,5.326286485216844,-9.122493453308728
38,-0.8336865025489217,-6.541619709395487,-5.432681973082509,-7.8479722695265135,-7.497116506831629,8.606631711528877,-5.5586031649288685,7.811708367687526,8.608133970145765,-7.713603021590762,5.744530068667174,-1.8489354024637343,1.0089466476558968,-6.546133681770989,-8.909128517916326,0.39935969291330586,8.029974018287675,-7.528634375406615
39,9.60396793130824,-2.5354186380556794,8.056393700852905,2.0107177699104906,2.650885351679319,6.36811915656174,7.553005611164174,3.4860813458674915,4.294927639925078,-4.44766196835765,5.527101435574046,0.3665000600369197,-0.1566770886976787,1.520421615751717,0.15452538765212864,-4.991899131135103,4.505497782281756,3.273541404874976
40,0.4717924526386703,0.7887929327859666,7.196019145394338,-1.0534941700852407,1.812963809179596,4.490254309793647,5.813839104173056,3.7010665736657433,1.1477254091966334,1.2190361447383644,3.7237004213586626,-1.0969055267901044,2.45690801913395,-8.72419792716091,-4.4886638284732,5.8290041592862245,-5.129886569067715,-3.064404594806569
41,-0.7332548381537141,-6.520898821512342,9.99976771667842,-6.380444818782614,-8.452480399342576,-0.6509134454063421,6.474964062687562,-0.10396247727309316,-8.224683822291393,-4.909929523933934,3.384464465209028,-8.893951759578112,-5.715161430776372,3.918516164773864,5.053115948182752,4.047883282825735,-9.04856090051453,9.685266858659727
42,-8.546623977503918,2.9595760985569814,-6.446899226084939,5.737951933856785,8.9962059837729,1.653180055621867,7.438452859632175,0.3232560126570956,-8.454660751998164,1.775749324776001,-1.4458154840105912,-4.2487095683662846,2.010124809770497,-9.556100114799593,-1.6332992617662097,5.743197534075419,-7.612281700910559,2.655322695486378
43,-9.042745421348524,-4.958908253383331,1.1063651201658349,6.758242941090888,6.82227294906555,7.434397968092711,3.027155926204923,7.011063695486232,4.129957073199025,-7.9803792986505195,-3.8310525208757307,-7.127412196767546,-4.26890110530408,-0.8285274003245675,6.944620958312228,0.9953385058148108,0.9081986857822137,-7.875925946904713
44,4.209666709466584,-2.05143908450788,-0.4533549519357365,9.831641096889562,9.43929200054341,2.994571502328238,3.186033065250564,1.9787706947837442,7.011149863249315,5.884933879599398,5.319637107757087,0.12195817017792976,4.2448731071449775,-2.5206228850112344,-3.128501727109718,-5.124642573134852,3.6799420198583306,8.209310102881975
45,0.1761578217705324,-5.279819311082184,9.4562472870456,-1.9695930392826728,4.992296038256134,1.3025657900214114,7.690508469754111,4.783318263803913,-0.0971379273923958,-7.321347555636899,3.214311869899367,-6.111815956353164,-6.436648869369376,8.576759321373494,6.464679948070845,-2.529743240280804,0.7862108354962878,3.563424793896594
46,7.526023919567674,-7.977013064837493,9.050580045719741,6.863087557687287,-4.518332304768419,-7.838446845399652,9.354279478482702,7.519300316234627,-5.840242368833017,-4.864551314235392,-8.077126622577108,9.099552725230954,-0.2243415430981628,2.7807422898683107,-5.120050366182046,2.2345926882062255,-3.6501307283322966,-6.552671762655564
47,2.7332779727167296,-2.2541736811217543,-2.7003581747928944,5.450307519892254,-4.728725461081584,-9.50799922819806,9.331047322819053,6.267885531566947,1.7061111532724524,6.880604481473959,6.7475598037556495,-2.262946871493856,1.1191920417623749,3.7888418938264294,1.8274764760812356,-5.681875946965571,3.8912570341302875,8.495577847937202
48,-9.376615933547159,7.8927674790524485,2.3664532946583208,0.6708047440253484,5.3741917655959615,-1.1290234675480288,-7.282884655293593,-3.217778557221747,4.278451765376566,-6.925750469846282,-3.5591106796090877,0.06122521869930786,-4.237153576654484,6.213080339240655,0.4011212332146279,-2.4106576416523833,3.1801866588232315,1.7795744389021966
49,5.026391194410165,1.1409878535993574,5.794171185954253,7.874445884553722,4.737989697288539,0.4524324277554861,3.345055228272326,-7.17773389553523,4.728102556736433,-5.1069785149556886,-9.861190940462052,-9.994336699779824,-1.7374464844964859,2.550739404568432,-5.757325905138824,2.5313804279763197,-5.700892611751698,-2.3652043855776084
50,8.213012381639835,4.386632568684423,-2.883957260570549,-5.283426413599228,5.459367140256251,-2.2661657628835012,0.3248710832841546,9.510494603269773,2.4622601065429865,-1.5858915836329057,-6.870372274238039,-8.349740461948919,1.5604430101484912,-6.545463850249731,-8.320239644320083,6.88682913694096,-9.295451671299702,-1.734970364539162
51,6.254646388678008,-1.868842518301756,2.495970095777837,0.8766637513833881,-3.0053230991377244,-8.922853006326797,3.881657282510174,-0.7954585387866544,4.7670269950193696,-8.743892615228807,-9.475203971481363,-7.252432364453081,-4.0926477948086815,-3.969009965863264,-2.6308553765974025,8.058473684697557,-7.067491649355082,-6.25069864371339
52,-8.32099936601293,-2.5933698374597425,-0.7923584075514363,4.4401183004314255,1.4390779623819565,2.2777845658365834,5.04972490223652,8.807602800097033,-7.792387470758402,8.438548466132293,-5.514105799339757,4.9742118265843835,5.598043882202736,-4.550753305093707,-1.2076431739854439,-4.0863541140329795,9.46329766585157,-9.727423297006105
53,-2.7168545779253472,7.564522823010112,-1.1047007064543877,-4.133812815564233,-0.9759531232093028,-5.584611161780444,-6.319850044072024,-9.436726321143631,5.876752044931289,-0.9733479157851104,6.664360064722121,8.229886151953025,1.4958883811122803,-5.63401742303963,-0.49951970451288474,1.86053796678641,-1.906383890700054,6.838719908805523
54,-5.6597388999212495,-8.739988277055774,-4.311482881569255,-9.749130289251749,-5.113157617599384,8.593393485791342,-8.539815731657717,7.487784554001397,-2.9179320814887433,0.8085753704191223,7.838373415541053,5.8397835657103485,3.6480750005205813,-0.32637286697040935,-9.149337147525712,-0.9899833889162757,0.8269291779582417,5.354907332034992
55,-5.547518336192914,-8.16399991627016,7.92186677801606,5.03872162933793,-5.5182155520728156,-0.8451456461532025,-7.024596369093885,5.193532263274122,0.10346804771411655,-0.6840319185891257,-5.369976747897618,3.4792282720147583,2.1200284696072202,0.35661311318429867,-7.859983452769999,-0.7993798068052644,4.602989322315157,-8.814669351918736
56,-4.667215613202844,-3.6354914840622037,6.004314733457072,2.658343775115874,-5.9664363926342485,6.498752725437086,-6.271910353296175,-9.91143502397432,-7.851885572882864,4.826496686569675,-7.807932804953282,-5.222157771591782,0.27323578892191946,3.7097015322272213,-5.8928813148482595,3.492086937800485,-5.9918449986355355,-2.1500791909174
57,-0.483375375721117,8.763730923117329,-0.2995322049184814,5.1677544202944485,-9.7822814028554,0.34389745957155426,5.452363859970271,3.229700125865598,8.71866573999002,-2.233735848043441,2.7099116018445706,2.5860306425129274,-1.6183043289751442,-6.048989078871854,6.9877303415755065,-1.3578436363940316,7.461834814336758,-2.184709922055421
58,-9.179675034620683,-2.4240925540473457,9.339918615073305,-3.5795233280450507,-8.040696640414488,2.425926225790626,2.219246587692595,1.4380471647937938,-5.947709956597141,9.785609373425366,-8.71934720579482,4.7067783232566835,1.003852623013481,1.0927429125517545,9.473236341709178,-6.238413403638319,9.814326932961709,-1.8757047737307015
59,4.855250169524517,-1.068213248583394,-3.584087170544306,4.461382486402634,-4.834632107958681,-5.093711683163145,-5.515614812243321,3.0120995218041813,-8.942940658720364,8.65264847050954,7.803317068793309,3.510293115829546,3.0227599163527756,-7.078086991315134,5.844392892254522,-3.0103460799876913,5.0576309330215885,9.257049537185047
60,-9.881017914735493,9.385087404113104,0.24765217872477763,-2.168844371898735,2.423838926335012,-4.0975415350272115,6.1605938503104625,4.464130358441336,-9.596633641108902,5.689474466728139,-6.781908289882253,0.7118897675223295,4.240712411112096,5.0721264055407325,-8.576927286102745,-8.167451853373134,8.12318872444332,2.3702684484575087
61,-9.249801963522126,3.8478236254313547,-7.9933074919568465,5.8261265496000085,-5.367587263507292,7.237254646157901,-8.568663799261284,-5.362314341371748,5.9311411144099395,5.394822806219803,-5.37845170820445,8.134089861956308,-0.046336407015019176,6.894060586456334,4.699880149488427,3.3670616449079986,-9.11252921992066,-3.4949474789249546
62,7.581871393397531,-8.74064804142223,6.654412560488442,1.8265881492503233,2.203303012853743,3.8381365511844105,7.631356961973278,-2.442118121866617,6.160285719878665,7.757347722134245,2.943528036246178,-3.9335888730557134,2.479908255194303,0.22220113794102403,-5.546888771741719,4.733785143845488,-9.064944834165743,0.4561150224223365
63,-1.339416519586882,8.442109429062896,1.8441909686971094,-0.9509853672048596,4.157016569508038,-6.7635572656823655,4.282193849771847,8.665400891575928,-0.5189747150507884,9.608154279747513,-6.400733648298658,-1.1705475043981632,1.1348606202207652,4.883749113335394,-0.2337292835258502,-2.4102865028250093,-1.417420248895887,6.61079017371463
64,3.0143644557998073,-4.086579235327581,4.88666478446849,0.6180282706241087,-9.481171968579376,5.970532776348666,-3.5675884956993453,6.1744452599778725,6.294333485715708,-0.04684365989299977,-4.416182434927423,-9.917463459650953,-0.05186921759573693,1.3134846525577224,-2.354051229713283,-5.962330313383076,9.857357890078625,-1.8762663009604452
65,-0.2432372070697788,-2.8071268934442495,2.180490659366388,-0.30268862546208375,8.891293054813264,-4.035489512613015,5.131542723197583,9.968066294524384,6.128673403952739,3.097185272362754,6.397504415984766,0.5250207270108458,3.36813301945255,1.1855391281930103,-4.416818030877614,-8.600355528420298,9.989812413642085,5.950460966904496
66,7.998156241618396,7.318889557210028,-1.4619158373217633,-1.4694205343909044,-6.046697102833378,-4.4827305851306924,8.078695007334616,-4.369714282794956,7.978733249541328,5.168017572243755,-0.1258601721397703,-3.670396956492872,4.175751365104707,-2.2421949529082745,-9.646981351595072,3.6254341526963465,-6.694758997255041,-2.245518830634361
67,7.55878100270499,5.641960221175886,2.563068955678032,6.0127208756453285,-0.9772256953074976,-3.2987280344312087,-9.51690349260274,6.684501232991082,-9.229497981828745,9.436641040112232,-6.963117916440975,-5.562111945486716,0.020063220236449908,5.478002905059116,4.316487627081658,3.6186189089329073,-8.866797654374238,-5.7224308095991
68,-9.87118062099164,-3.0171268226383035,-4.418973417048497,0.9425661358489794,-1.479367796365727,2.7369959643008244,6.826488166787076,-1.0756363571614624,-3.930330788824852,-3.558036973101883,-0.2872226013283026,0.704355364568185,0.0366751977664741,-3.486862462002316,-3.3982486356634762,4.637142679416659,-3.6050955110763656,-4.780916503530563
69,5.488457706914893,0.2349293892610511,0.9831877453217786,-9.042862367754676,0.3264717967923598,4.1185085514634086,-9.377441642197795,4.2078456804015385,4.916116098674561,-9.12427810773038,7.970485012680943,-5.367257022544985,-4.411881920531129,5.118729628002466,2.7304727014992114,4.409360245169472,-5.235927208931123,-8.276502429581578
70,1.79752232860878,7.950334527197672,-4.292769222552993,6.1545939219471215,2.4833273540877503,-2.382902074577742,-3.634035909951967,0.40334877458054663,-2.5055761571102186,5.646967612806046,-5.7348034938301335,-7.47906262232619,-0.31212194617942046,3.8883555625567023,0.9949433306945714,-2.197250204069549,-2.150070079746513,7.008677176362191
71,5.384367784987221,9.054388871998775,5.168786622139391,2.0017614606286074,3.3421976554831048,-2.237026695817022,0.9378840321204329,-2.7281865901761133,4.221683995475466,3.3503273828256432,3.4256724261283864,1.8259156896160356,2.9917866652779868,-5.828599293672609,3.2166134571797595,-3.4300057946750346,2.8491932258337176,5.983246483363915
72,5.742257097757054,-5.381641074167735,-8.585119145251456,-1.6251211454947345,-4.281312633204706,-0.22582732384714532,-6.600894007385127,7.093349877508292,9.859969305825416,1.1257754255544405,3.138323542558579,8.63859648991263,2.8965920163148233,1.0338339922808935,-5.222966032374432,2.490718794663021,-1.8233579341851929,-9.314855075792131
73,9.636937651629058,-8.254511091888093,2.414354089706661,7.271654074530872,-3.8232837178439505,8.839322422983294,3.938892975769992,-8.369744978240414,1.020894688992417,0.672699698240562,6.764910437292599,2.7403970631376104,3.0134678706517626,-9.745963686544926,-3.569607801767292,2.4430728723039117,0.14836149866589565,0.3159865038960934
74,0.9207243722182472,-1.3460288235826319,5.755868283134387,-2.2529864602596206,-7.860620618494368,4.5849925655533355,1.977973526821712,1.2625522536024825,5.457932723090547,-7.709468274007671,7.820146136628555,-7.998645044944639,-3.0311874523835876,3.6574846335815376,-4.713392964865431,-3.1165318402667967,3.273154729071848,8.604256575410155
75,-2.7496940374094887,-6.715066915299099,8.9688071624219,3.523352155139431,-5.680277521278825,7.9764114238180674,-6.744264412335886,-9.641449626653248,9.146341287002674,8.059805036953026,-7.019114342603821,5.454616315958049,0.6426014362268777,6.60423542922889,3.470292834125157,-3.4878398942563305,5.300834361263341,-7.337024526597369
76,8.916533642856137,8.30812676609822,3.7722479151136845,-7.932032552910471,-2.238922146720652,9.139275752007915,-3.869294113038513,-5.9393150818762415,-0.2777799722903129,-6.285423882556671,3.3892126183670364,5.740480675885863,-4.75554669938677,6.013364899573073,6.16641757095201,-0.5489385857972131,-2.2261767588660657,7.0576552233511265
77,3.789203147457874,3.3790523283932323,-3.0530755430363987,4.366922597013517,6.247324610281392,-2.3529798444638406,-3.571399543420779,2.782225889964426,7.984509360560946,9.621340027555327,5.3734578071530485,8.948464300220149,6.759313125889655,-7.506698649452554,-3.7094421582954578,0.26721790353588304,-2.2112904448796833,6.347542343004985
78,-9.734013080247736,5.361998190884332,-8.35488428616435,-4.354121114766061,-8.487684195271925,6.382650009552691,-2.052601327622825,-7.245287851460434,-1.9970390739956336,2.890979583594806,0.31197878839631876,8.586967733608667,-0.9211459093690788,8.304979434116412,9.104251608207065,-6.569582453454014,7.149756302595595,-0.28388148829107784
79,9.134368061574865,9.827744027411292,-0.7046617304717717,-0.7770982286052863,-2.5533980152656426,-7.120981741711718,-2.6789271938327097,-4.7858972791260745,-2.895148136657455,3.0041957671023507,-7.3763482944498415,1.1777938627740383,3.5309484900509887,-7.532919208886815,-7.647538746359306,-0.3100893309599648,0.2858528509410245,7.308764103089917
80,-0.1464648918357625,-2.5885441742612647,0.3407973847995045,-5.845203720883035,1.0412752446601026,-9.746176111487872,1.9596078698120536,4.284600507439736,-6.193302477619909,-3.5118079357565417,3.6155422141179123,-3.5129490387384044,1.0060326104371757,-6.089423399277947,-8.527662513145625,5.833129613508541,-7.441744630862588,4.408864852613977
81,-6.795931107923876,-1.6435179170996772,-9.842023601170709,-3.2561906648619328,-9.935821412901998,7.798177949186655,-6.342983373758175,-9.681770055913486,3.4972001060670017,0.08499869247919456,-5.0341184622605395,7.862906224759577,2.2134328418484586,2.7432876882027166,-5.758635729506776,1.5106759095842808,-3.2408118970432964,-3.758939945697408
82,-2.2339741273864266,5.157072254101514,6.149733105357708,-8.261292360118942,-4.543400209154774,2.646967248694402,6.295354946286615,-3.424815713280605,-7.192884877929813,4.787820987470576,-4.836695231574533,-3.916322294805772,0.7483435477188731,9.180550321712275,-9.347801774099924,3.2550176803322177,-7.258502445869008,-5.673150896486385
83,9.171818980497143,4.599737618758768,-5.439152944453271,-1.3620804401872189,0.549118823217416,-8.270904442718424,2.8958400790764482,-1.8966131657989607,5.44137848683863,-9.609347113622244,2.8474862993567367,-0.8095111080687118,-4.366905566547201,-7.802974375351665,7.923943536001893,2.978764080212299,1.0439758982968392,-0.026683532441186486
84,8.062703710619722,-5.727633447168876,5.647173581215091,-4.177802941802453,9.528273878391222,0.33636120903224587,-6.037484850260375,8.903265802739835,-4.138788265112985,9.104267054572976,-8.599791931406688,9.485175722623516,1.7673296268272427,-1.3373037786460955,7.350061188870118,1.9123945163787646,-0.8229547469821554,-9.151666537182319
85,-2.2060268471378457,3.842321653582035,-3.750129854806419,-4.066388679293828,-6.324163604134279,-4.563745222200451,-3.787969410310616,2.945523939333196,6.864970659437816,-1.0212958030077104,-1.6361756009660624,-6.2300100241911505,-0.9749876907880601,-2.5887774537607715,-2.10369855170359,2.918966784467452,-5.418072804146159,7.759980401530704
86,-1.8232801753059302,-1.8066740511176675,1.8002827879824217,4.278830469643912,4.21435003705864,-2.1343962778831997,1.8382452802932487,7.112790744086446,3.589172450366995,-3.3337052113015897,9.710964041450655,-8.30580149389197,2.86983582674036,-7.16513722099627,-8.147224034567554,4.744435120850623,-4.915703866844757,-3.6262810026919556
87,-2.844594476611009,3.45013994884936,8.120442157127556,-6.050437878141073,0.29727957508774594,3.4279823351837777,-9.72559903611268,6.917442920347735,-3.7317718207002475,-0.8270116140835739,3.843258205774017,1.8595465374425384,2.3103157489089448,-6.838059119364215,-4.322839304664554,2.0841482347142843,-1.4346271919591853,3.50183138089764
88,-0.3286113956858614,-7.24077957503749,-0.05062612639435038,-3.739428955806341,-3.356784552376979,1.395750714646951,-0.8840596127253058,-5.838524318297466,-3.927555781947147,-2.884086953243024,0.9486283783196896,-0.8520595676094711,-3.7075407160951457,3.9722919559761998,7.123171378595728,3.378017592994455,-7.7985340830559435,3.172519882242163
89,-8.653937895800684,-7.40208496229271,6.4038381882836966,7.606090540286839,-8.74149498748996,-6.401279497544941,-4.520695246870523,-5.161579491838621,-9.614975025469048,4.328739162724371,0.49289715380995247,3.835385068688984,1.0970495338357562,5.131333217429308,-1.276666218095496,6.119293131845783,-9.72605954672071,-8.393061053998101
90,6.737571760611612,2.3943359057082496,-3.8550895042653144,0.5616310408526797,4.38819653412779,-7.058818881167481,6.765082778129891,1.4758224630589147,9.203563535847994,-3.141168309770041,-8.166003107594314,-5.751084177454566,-3.0049451904756985,9.131287582551497,-2.781630180722523,1.214848247772471,-3.528442530493492,-7.989924129252522
91,2.2421284704025766,-1.4906324333014176,-3.130964253042576,8.747300305475296,-9.363856162303914,1.0428130413576326,-9.451243317753304,-5.432211278414223,-4.498595143336573,-7.702190974618713,2.0357326581393096,-1.7680974530152511,-5.308350754961326,9.071776218992255,2.7268701400066853,1.5776050389440073,-5.284574132238542,1.336194027860639
92,-2.777387615146594,9.408080889499569,2.1705330739006463,-1.627715045421052,4.397680893683599,-0.5864283120280316,-4.783549450958495,9.992357848398143,-0.24359986415502988,-4.84472290350404,-1.824674558813479,-1.3735614005385095,-1.047110842132719,4.563295505528034,-8.181100579912686,3.2610858965719043,-4.820444239208072,-5.146197043387113
93,-1.3857824863896706,1.7496563046804674,-6.303692642480511,-3.399791087759761,-3.089651590709945,6.989456289807094,-1.5612199848018538,8.14093520344548,-7.398437553838246,-0.8784454813511147,7.937801630086984,4.830363152406001,-2.167410238778313,5.367121465348648,7.6513603517068915,-1.315074981087614,1.9466672508841967,-3.0896449959629386
94,-5.0780712118533415,9.929679500793764,9.946478874435474,-8.989078015835116,9.977386900929648,5.008276660654143,5.8966032944921665,8.501042926395698,-1.0848036343174101,-6.383519052427811,4.194527401583665,-3.4204923822303606,-1.3353522302622913,6.959240481268477,-1.3260279494605864,-5.89415613586298,5.671091532077346,-1.3491366552031696
95,-1.9383476841538254,4.674214122067973,4.0036451360769565,-3.4471076261868934,-7.935497396090014,-9.56662519389516,-3.5377875578671825,-2.790290391001216,7.139586492114081,6.893218995967835,6.419930299162029,-1.8048932764395822,2.3058587362623264,-8.42181945119642,5.05619996910295,6.4332913794375415,-3.8583516109487226,-7.603874275903239
96,9.169473158530245,4.039049418613228,3.1198385177791987,2.89676783552836,-0.02163048458873007,-9.326079672901482,2.6254750708534207,-9.174796921428491,9.4959104763002,6.033074366419992,-0.5165926446236586,6.601293363509331,5.082660986261352,-6.789425420266138,-3.2567212900152276,-5.6956362238888625,8.589623370271713,6.668307046825134
97,-2.5384440325188296,-4.419332412177496,-2.1262704894146767,-1.0400270038935702,-4.675330768779324,3.9324307772714118,2.5224851723813693,-6.05434971205397,1.1900426229393908,-7.716866759177918,0.776759009969215,-9.47014321265172,-0.2526100185688236,1.0169200012431538,-8.294308940712632,-6.783107900648835,7.229497862269547,9.397301696625924
98,1.96650288784733,-1.3771491569047267,4.805180224127362,-8.511746135289398,6.708187605714571,9.333026602229172,8.890121503603527,-9.392934603805912,-1.795969555938985,1.6031669405962106,-1.7365113548264777,-0.009197672123729461,-3.7126985656964013,7.402060451644875,9.10231278581082,-3.099553385727541,3.284790378151909,-1.9962895669644958
99,0.9640277337004513,5.171943463701286,1.917639046067432,3.2024522016964774,-5.2723398802118275,8.26378723227523,-3.9010068474478743,-8.616324659806462,-3.4244836310686804,4.424956035531869,4.994950032775286,0.38093427162498017,0.6403554310677428,5.730488189250213,4.107852955806184,-5.11636779853978,5.550207857748553,-1.7990712802379498
100,3.856122039223875,-3.1164211491694775,7.361413815338874,5.210016538006856,-1.4091774288882686,2.4591241934375585,4.034444170720574,4.586020442864449,9.265230957167208,-6.96740260604197,0.036279311557143146,-4.963155003823887,-7.7168323876888785,9.794415692637674,8.270132374217834,0.46320824240787495,-6.318358507480264,6.749537122020445
101,-2.78127659211878,-9.449692424225853,-5.301692283515671,-6.480150055127211,2.852726943565269,4.01185416089422,6.679665561674824,5.106011999946993,9.257342238473008,8.391745586653265,-4.375769894700376,7.373350067832568,-0.3064692580183337,4.621905520565107,6.009509361129727,4.044233480471711,-5.150438148452549,-8.589833515827392
102,-1.4600338255105427,2.3857923598857855,6.444198764425707,1.4518212448391026,3.2209074780993436,8.189388599031457,-8.5997142147029,5.087681809864236,-6.472848530823841,-0.2052318854609414,2.3048255920464893,3.3196890136347985,2.018678539207512,4.235277820356769,-9.502128014510404,4.230848779938999,-6.047368430510143,-8.455449265246106
103,-4.789331749549925,-2.8404933532169707,-7.838503975770347,-0.7992332047162662,-6.070491374755305,3.497942294210164,-1.5398746268450552,-3.132449784238977,-7.410672094615793,7.530743740890266,-0.616467239129646,-7.652571268090198,2.9433469460704735,6.630150009914708,-3.708948271585659,-8.914746250385681,9.85784683918596,1.8594654536667967
104,-2.5770833228001493,-0.9044984489671322,0.800418717268208,3.0537912157934635,8.219839877985244,0.4752029828116111,7.429353612605315,-7.996793527948389,6.823770923364037,-0.5316569505424624,9.269225902780121,1.4107606452538395,-0.3842557471689201,1.2318134435181722,2.2720310963811556,-3.236468659091873,3.445066401912836,4.714493983588035
105,-6.143250908897507,-0.7297099092077719,-3.6927892969502984,-2.083694482579885,-7.700548938114256,-3.936101226952669,6.147887298574176,3.77540032122317,-5.51138579440845,0.0465891661578528,-6.735760406952746,5.0258342298587735,2.063526652712838,-6.3651516449534835,-2.8119634806181315,4.672612067994278,-6.67491423703628,2.0723256266375323
106,3.85975565788633,-8.935525320652555,-8.567039272307383,0.6499877170442794,5.827776648239389,-5.395125824060418,6.821682702772499,-4.910476060154032,7.702641670007438,-8.064586573391859,3.3130710196896516,0.738584826850035,1.6935256492586053,-5.7357593000230604,-9.918514340624547,0.5589794625204565,1.7963872641323064,0.11502717489880254
107,6.886712887177911,-5.558051656753675,-6.807167664502662,5.7426835171350845,-8.900872403890059,-2.4251647174683555,3.6121537280517444,4.764815865507874,-6.603921327994813,-7.874247118950917,3.0030470113081975,-6.400119312807558,-5.491540742372354,4.573303416451502,1.6952593036023327,3.8786748600614906,-5.4775874311384705,-0.7037659546789179
108,7.655556024197775,6.014464891091272,-4.888167855153558,-5.130790100964893,-9.693143418377389,-2.4343259087851177,2.3595085465536574,1.9456732081019528,-2.2540972118322316,4.782931285989706,3.814469811917686,4.564818300827172,2.4055397384705124,-7.6981659239274585,5.208993124556155,-2.0001888441981848,4.24193852357978,5.6420667260324855
109,6.904674810428997,-7.285036705283446,6.969775772208987,4.138359545689719,8.46696200071182,-4.127423807101307,-6.384390328805736,-0.9003033948647339,5.358134777013364,4.091506414778072,8.491709021295229,5.035972486712444,1.381766463964837,0.40347048370493965,6.29188456461511,-1.6824269705624477,5.024997174008991,-9.552474370530868
110,-6.0337284288020605,3.091621941149363,-4.087799065054245,4.091769664345961,-0.40701601378080277,1.2569677456758725,-1.258864118256426,7.664426657896936,4.301798663289425,-1.376078926147649,5.831525913481563,-7.681747456804862,2.5906805724749855,-7.274780972480086,-7.029738851308167,-0.4073347252716015,7.704061110906398,-8.012972222044944
111,9.643813116308092,-1.5169341127184488,-4.49094397991918,-9.045950239116669,0.49406341179909674,-1.0305013836599386,-5.239946239222233,9.13512580644855,3.229455711133385,2.797268088950961,-6.994291989483421,-2.712856459230995,-1.4262507593875036,-6.907809028673491,9.833596797594637,3.5622997802778027,-5.158311635750287,4.566633151394255
112,8.761150374760685,-3.054693454821688,-4.930686247137253,3.139194014555679,-9.353896040018334,3.5308574670481914,6.536068292450661,2.9594920108473204,7.161703962143811,-9.315413432085302,-0.8018408236002532,0.06525477887896969,-3.1432473252404414,5.203917388875324,-2.774504202379287,-4.823618293720749,4.66662495036635,4.619745565010787
113,-7.063097169797842,-1.1856288900349714,-1.5549231078424253,1.9977118676916525,3.118557235542596,4.5436461639953425,4.609933413801722,8.255325520582971,-2.664448494103686,-1.2800395745572501,0.6620329886515979,4.638905921500914,-3.277871707653599,5.743757205964018,7.619909524143861,-1.9279828682122968,4.611202948773114,-6.700127522060811
114,-2.2530634136685057,-0.8841338040642057,-0.8049773258243054,-6.950564219300279,9.89810573930647,8.462697399444743,-1.9896353822518282,-6.717938478128744,-0.11106572260098702,6.778911886033828,-3.4056529195864886,0.3882584622115264,4.240682773661311,-4.182963270758407,-3.2613788001625377,-1.7364244466316165,0.610940812657045,5.673663144241502
115,-0.5577591668498592,8.941698154603234,-0.1611574976610406,4.122623602155853,4.6058603998855006,2.2644369334413987,2.5174012413295657,-4.517123457613184,1.7249833283002403,-6.521765831362369,-0.39310186536395797,-8.276907928133747,-4.931524724648497,5.748542504151207,1.4484822461310447,1.1697941828300742,-1.116515247718029,-4.850744358710742
116,-6.286193144088193,-6.877920537438442,1.4718185661667924,-3.570709883925007,4.816113487211393,-1.6649566989107552,9.538775912037952,6.85366820071139,8.851063131548411,-5.4275597180516915,8.902939964927295,-9.023573014282103,-2.9283778598182213,1.5834131995160021,-1.5044461076330844,4.913716099199236,-7.121166622306028,-0.5617823846381498
117,6.151012384461016,-5.679009687684511,1.0472273969228514,9.770540798634315,0.045300118674656886,-1.8106405102631395,-6.089873020325709,8.538934125194338,-8.556511485730667,9.855787211073011,3.529973717922152,-2.679293760308285,2.8448116298703923,1.4801151345109336,-0.35004591389223805,-1.8268628710233266,0.00645241988245715,2.5508928690495623
118,9.054944384295489,0.4540841106110136,7.470744343772008,-1.4435177840119184,6.802204600668166,7.9168929650338775,-6.534850823342255,-1.4272461524438178,9.388142533405944,2.0244398208494907,9.447453568824425,9.033840771249885,1.8092260167075676,-7.699243631551511,7.75094894036366,2.2705112816835804,0.12665030356168572,-4.436448226319875
119,-5.237180852656782,6.533015556994965,0.9546828454724867,-8.507951479921854,6.810836699524451,5.716140414170258,-6.217614313059141,-0.8245865434645481,8.161141558351261,-6.505082359922705,6.314094085266312,-9.670268424847334,-6.0109163982093605,6.406461399155027,3.5962167071852154,8.037982714894198,-9.370859233645039,-9.78227938731239
120,1.7079115812160683,6.865690390777274,7.4186318002115215,5.795263584074364,4.3201664216901,5.457380559559441,-5.045224415265677,-5.144054506059197,2.4203146326655087,-9.73344264255041,-3.06099437580575,3.7033981254942727,-2.698141615925307,3.338582157185046,-4.5050673188635315,-2.519758823232971,1.2735437012792872,6.680629562667587
121,9.929140248899351,1.6797806956021688,0.9192486839386795,3.7637836268546643,8.310205260332133,6.053225627004252,-6.2991005960909385,-7.907911725915227,-9.093462291010804,-3.600797798434101,-0.19134582194754834,1.771108039404501,1.2858282452768943,-2.2541904013338643,-7.002567196859609,-3.329908944638369,8.35314513308299,-2.2594105585588897
122,-6.429597609143554,0.31420934008478163,1.6419905333917413,3.7731096244408455,6.281966673343071,5.584163073812224,9.133323692806318,-1.056721628172399,4.289237290696523,-9.195013062517763,-7.143887287629969,-7.016548508644349,-5.120454718317133,-1.56837013998733,-0.21928720079421637,5.6156120989641245,-4.979893608340902,-3.3000946690605986
123,0.28262217745754015,-5.869988376544213,-4.240092674728697,8.88048648891263,1.0492529590659068,-7.803987045552425,-7.005963454916353,0.08004790884034563,6.641768546376742,6.101504433579432,-6.986225888830642,-3.5052848355773563,1.8267657974590144,-9.501142948483665,1.6206437979699917,3.592082098334881,1.5384365372846194,-7.869109480224202
124,-5.921001227138955,-5.960317850305761,6.685584504839927,8.651129408674826,-7.7367183859864745,-1.916796473244915,9.074765516847965,6.387992780788892,3.3865828508685745,-4.7888550450028,-5.120847790273322,-4.517839470895542,-3.6789478416050265,-1.139875378861948,2.8164624215199296,-1.3145541382616024,0.821441206096857,8.579367618625263
125,-2.4533968883179913,2.8537623774922736,-2.061757563760076,7.041662709246971,1.426560480919406,-3.0830737547884794,-0.16443275292271764,-0.19916690353077726,0.9520944003333316,1.1953815384655506,-3.990637145401445,-4.735867543701278,0.5852966465499687,-8.342355917242246,-2.156913813253052,6.517295237111121,-3.965652335406342,-5.388026792615779
126,0.367765292703087,4.946787941303443,-3.2482429995092303,-5.745910888499659,-6.923030731721507,6.386783785190929,-7.354455802019602,9.553408321503454,6.633593894980276,5.006296321075194,-0.2129450976515308,-7.993851545902377,2.014079176172034,-5.527941741222753,-2.309686686003678,6.946720083457919,-8.879775844599163,-3.002353312802457
127,3.3593567426440423,8.418641254809707,-7.280974480196097,8.035655627271417,-3.8412739999641836,4.779043377687309,1.4365626976136383,-1.740264529118555,-9.790303725093887,4.363541354313046,-8.543005133939737,0.997012203460736,3.054548508478952,-1.02335257662852,-3.7733359204159083,-3.792818560745685,8.547207477235006,-8.729885152033045
128,-7.2847194323691555,-3.193574004272401,4.050103661793983,-4.818434240737279,-1.9936181361896494,-2.9416018447337695,4.061465440134162,5.446087683805999,3.4690267382641355,9.18460241861984,7.636280779214474,-0.68462182913904,2.9011131765571267,-8.025253507343326,9.048416821164643,2.028312664884851,-3.783882946560622,5.37005939214702
129,-2.3328059684737035,5.225373443222491,5.751504251680101,1.1228953374112933,-3.184422713646036,-9.013203666901944,4.853779574972457,-0.49297379939186925,-6.785547590218977,6.528375732307431,1.2458284178700616,8.866408162472727,3.3565325100001075,3.1150983567857224,-3.8863879688613494,-3.8978315021699412,1.009389759739145,7.717345684701257
130,3.6671583260557377,1.1344100558867858,7.700839529930214,-0.7192176287257439,-3.372338201750063,-9.694324077968332,2.2279627891453124,-8.66075811195547,7.424723245963428,-7.7951824027127685,3.6871935222647263,-9.765364241923704,-6.6169456978670755,4.556779837253027,9.190732016224821,0.6643043690606802,-3.2936430882091416,5.013617615540744
131,-0.662906498269578,-4.1578698604489395,5.519129583056115,1.3712157508481262,1.5792228326677176,-1.3348127083032306,-4.742440414592903,7.791602313671749,9.473628478515497,8.905745533010343,-9.48226996918649,9.176129483611458,5.238305492018849,-9.652422361618651,1.4231448315364545,-2.7056817337813843,2.7991859910010035,7.833566811121347
132,1.2612384599895563,1.6395420751299934,-8.547577460891091,4.226488426442955,-9.232320120520942,6.696172522679657,2.8540421698823017,8.381410044282262,3.7604058827546805,-3.7229921420812273,3.2264800364487893,8.65669095100754,2.369490756167865,-9.972765924760843,-0.7892788976698295,0.8605414713630015,2.6868533573886477,-0.7654619444637607
133,-3.0047425336904983,0.9051841773975884,3.965954536750207,-2.4300213694610306,-3.6904252069566645,3.64909560302163,8.576303515389373,4.54473550025406,1.2392659545102909,-7.51279581291919,-7.858623204747721,9.22358762223331,-3.0357745835873784,5.954965148356093,0.20488963859542864,-5.251631803121382,4.920489584112879,4.2474453307437905
134,9.619947229187844,-3.4129113625742242,-9.885973139027675,4.688019809186736,8.425884238522816,-5.027851022655144,1.788442136811275,3.5663693474373463,3.604594343155833,-7.724710088890012,5.205777123700599,-7.548082785546226,-1.9486196206027202,1.317989933489919,-2.485514890254155,-0.3111543912505681,4.033653473489224,-9.180379457468874
135,3.1048374753795507,5.042087102284761,-2.500051052639005,-0.27946776226206005,-6.724404157047914,-7.350209419469103,2.708737557228261,-4.434564803370284,-0.6807039064250588,-2.710569717517208,3.258556389035082,-6.118605093176265,-1.6147075220765732,-3.424008135415326,8.778498001475256,-1.3624018993609113,4.826015310366099,-4.05501329538547
136,-4.9391511788872915,0.042448378640342455,2.165780091855815,-2.8723166089763446,2.7077659139904107,7.118405317075766,-7.29953931644387,9.328641239755314,8.982682955260689,9.002837680672883,4.02747096985429,-2.3955821350355837,6.3760631035154205,-8.849088914017763,-6.1157738782912885,6.536938056315126,-6.029534922546036,-8.570453413845929
137,-0.3461068877097677,-3.2381448469012213,8.040231174845125,-0.1630094809919509,4.649263537867913,2.4649589436634614,-6.963417515292553,-8.187508492938726,3.510876782900578,-4.065419682315237,-0.08990238454950727,-5.28670175926978,0.3289692937522801,0.8856696982422001,-7.88555534630275,2.013057259764759,-3.8749602476292004,-0.08437659518016893
138,-8.454922655321482,-2.111311519276007,-2.714365134253576,0.20999939339034945,-8.28188447543808,-3.988008230901496,-2.159713742948462,-3.793881236529904,-6.206414928420223,2.6615603596736896,6.2693743690915085,-0.7989844162600068,3.410041149525169,-9.895038603201327,-2.315972487075184,8.119459062812396,-9.445146498806334,0.526484486183417
139,-3.001882592244243,9.11773590516123,-5.913565712575317,5.199789278005698,2.4218564966178686,5.1810286630388305,-8.94719218813844,5.170103484891227,6.477673366798452,4.33852160519173,-3.840823132142104,0.4186521133024641,-1.1039676740270377,3.906769867510718,6.3054343774382104,-2.099424351812318,-3.011223227749129,9.671131088849421
140,-6.778147673400394,-5.050762965851606,7.793419668399984,-2.932818663025225,0.8620057853225145,-6.210187116152348,2.1899527315331895,-1.2366203606296438,6.62037514034445,2.20757512729611,-5.468219212356491,-2.9593749254436403,-2.835261791359505,4.704819864715962,9.726453154863652,-6.341652871804961,5.081480684918704,8.721600323410318
141,5.095592142001921,-1.615918507594147,2.9283949339346567,-3.9628886971697863,4.1459724432979055,4.96994918165575,-3.932230434884774,-1.0298174471796084,-3.5660950183938063,-4.583312250202296,-5.076831243985451,-1.3631077094636286,-1.1481005335526646,-4.044381250814714,-4.4631235764727695,3.8863605146205966,-5.615753024188295,5.768541954391619
142,-5.372738919156261,-4.521885423843988,5.9362716334209615,3.806267877206068,2.4424910662712573,7.5010330545977695,6.176471408830494,9.772229159111273,1.1414954828441495,0.02884957240770447,3.977999143923096,4.558945562833161,0.974943923136248,-3.4260301849832224,2.257562567409771,1.646690945858257,0.4771346728464003,-8.06670188374325
143,-6.952343453110165,4.632907134512788,-3.684341591432501,-3.0756028357540455,2.522354655589396,5.974531092199227,-6.41457029631844,0.6337162930502025,5.247518838441707,8.932658772673822,-0.858815676788172,-3.453052607585157,0.21317105316260765,-0.8674803855997872,9.680026682317152,-5.691349373921923,9.4957679784041,2.05958493744963
144,7.928254595968632,5.391655426395802,-2.2686652794500306,-1.8896559141987765,3.044224528648982,5.378181799993866,-2.639312058397925,-4.807626644818135,4.60950343109317,1.3897577971118817,-3.9594454241943744,-7.858477677660511,3.2551026369975826,-9.334133784588971,-8.647537510883614,-1.610294523161409,2.7946372663381975,9.111527957294733
145,1.4537983334380442,-3.685547982426516,-2.34525159790765,-0.29265434933174816,-4.712868867195137,-0.5739325722983519,-7.359799530040602,-2.128867125874052,-0.47259624396436983,3.119198863605652,-1.2571902246687134,-0.3656442177268975,0.5486121405905298,-9.170556380984976,7.427902073561189,3.3931005850154783,-5.191062038330538,7.956680501472409
146,-8.782601280518147,3.771756817748086,5.731269246492801,-9.780223725647696,-7.175818567760257,-5.406547161207764,9.853793075522361,-0.594973370635941,-1.2042316943707796,1.2693026062142998,9.631406452218336,1.7371064702225212,0.23503659592155657,8.186575389549407,-1.5910641110224315,-3.9819646800002406,0.1634240366566715,7.5115601597301485
147,1.2670268483805902,8.639079609386812,-6.6727605501130105,-8.059040522200025,-4.8337554236210645,0.8590483487777423,8.659760191917545,-7.093893276575467,3.881257481373339,3.640780394785814,8.911657445479474,2.1251755262337397,0.9541679619944574,2.0181358779734193,5.8366388634495365,-5.4264395987333,7.68728906298222,-0.42181519169413484
148,0.975316987691663,6.097376870593706,6.223362678597283,-6.827049315893479,2.0599241398114128,2.307856940116652,5.960067813246495,2.750871201538345,-7.235524790085897,9.600127365642084,-5.140109928968393,1.8440419535913932,3.9470733714093225,0.12123783138023825,0.031231300286320263,-6.2779799153115246,9.66816454414526,-4.746133131900749
149,-9.68090764846121,4.280133393552424,-0.32413354574752695,-1.6486815359029663,-0.9443894531418255,5.534396481925771,-5.133078981114096,-3.2772241455586855,-3.7429124893488197,1.5295179210169696,-6.343377916750626,3.059263198031683,1.9855529752629764,-2.942034419814588,-5.759131957571988,-2.9691844804749774,3.1196604541185646,9.80699259956787
150,0.03365531765535046,0.839072660214482,-3.9647212086715484,-4.17483566200199,1.9930605387709104,-5.030299898979187,-8.516619921271605,9.644724439453213,5.227056108034347,-2.7243137208248154,3.9423657594236072,-6.43687366112855,0.5533409750955887,-5.598816873746841,0.8666961254343963,4.793601571972566,-2.69061201363127,-9.697190109264904
151,0.09588414129397194,8.160396679035522,-0.8025769671662264,5.838279645270925,0.49692490101282694,3.525724959543668,8.272710401202527,7.018091438693748,4.573315292907482,-4.704257357263457,1.5587282312542001,5.050299744026567,-3.415925653423935,7.613411109538401,0.9040778096186308,1.499856409687851,-5.033583443970473,-1.1020922362148937
152,-2.3353955784594653,-0.8424173495078584,3.657459603429258,-8.137654282642847,3.6687854991881395,7.561651492027298,-1.4290805990050082,-8.793281724027205,6.722560307426303,7.679506791403348,-3.6679619973138555,-8.585267246166541,0.3505552776786036,-4.292806168747163,7.272392975212089,1.8208656985372507,-1.5374287225845187,-0.5688655128809739
153,7.736750180343563,9.405347984476045,-4.635351429975194,4.111879360832461,-9.954882023994182,6.808475718033044,-6.013916871179434,-1.0796092147148055,-0.7442470537526429,3.6622782592486054,3.681347703113797,-7.177484543310193,1.7906885227477698,7.826737311100036,-4.22176179923931,-5.078469973995061,6.382332272822929,-8.283068545220956
154,-3.4777310000235033,2.0203696622791476,-1.1747983735892564,4.625038552934113,-4.058323235866615,-7.879795613850494,6.7141932306931835,-3.7894519535109445,-1.535884907146217,-7.468018807717495,-4.052569593038258,-0.4573233252403863,-3.7170727386442355,-9.885648098316373,9.339860676232231,4.762793119895063,-0.12276176589100274,-5.396140782413051
155,6.324031541773383,6.6511865882297485,5.63585276107575,8.587961205253702,-8.156017884695705,-9.046820307800331,0.6688405758555405,7.136471913330453,8.844548825323258,8.312903251984686,-2.216773571587753,-5.0403840589343,1.840711577568804,4.5507032308075335,-1.936599389159781,-0.5820145527789187,-7.458429717087864,8.724642641775088
156,-9.353002610845419,7.432903720579084,-8.784756935466474,-9.39926655792789,2.5369224121687832,5.223815860840853,-2.858351915191335,6.925349800098612,4.983832563083933,-2.912244524744649,8.297430706785228,2.72190663105979,4.185298223272525,-4.22457563257826,-9.421731082002008,-4.033743824674161,9.227917412501544,-1.7476369675951204
157,0.4530842340951722,-1.811028550201204,-3.5702887543743085,-1.4068048839863945,5.009235872842426,-0.13573556795585162,-2.226889982115205,2.0842735583423533,-6.046000377366045,-8.049874199642764,2.506968971742671,3.5817942596277703,-4.41111131002531,7.5996941029472325,4.648148131344275,-6.396095268467461,5.277216147685769,9.680447589248843
158,-1.4774607025555078,0.13837593763256706,4.406385043695575,6.971403199583964,9.861013259498527,4.948975173210483,-9.421898007851809,-1.4273602439758566,6.414805551523003,-0.21847342674047532,-1.9701363252039776,-0.674090381692757,-1.8436043851498969,2.127262119297974,2.898727738546164,-3.1581182638576344,6.792091853772668,-3.2140641520395707
159,-0.16754176991896585,2.5620765942128365,8.870117881573773,5.464700274645187,9.744464750006703,-4.385841975937119,0.9986958063800451,2.6032086892374533,-5.230542251550448,4.799812237569183,4.220798839213133,9.04848190421652,1.7147098822155442,8.765327326531796,-2.85037705938932,-2.6294771559346586,0.9304846249624372,-4.165486358793795
160,-6.062454929739667,4.316397807631516,-7.501187381836926,8.16231358501728,-1.1298370323623512,6.921815197410194,-0.5681594238906751,7.597477292685497,4.031390785165648,-2.0677113405064773,3.0470682036622847,-5.2576998711944505,-4.00189634174019,1.0016631233362272,8.1986801703435,4.48749086370672,-3.646882121452448,-8.222554329712295
161,-7.148938025503058,9.930010644617155,-7.356534018496108,-9.767079916682498,3.289554250577842,6.0990289798043875,-9.105952245878708,0.5838266033206647,5.565565497934523,4.248071356985799,-3.1882789535063765,2.2706869546731596,-0.8284322126563737,1.8189660340462375,5.763668598047859,2.6626300498555118,-6.660204707119788,2.639542288301328
162,-6.1173800139870105,-0.023729549257575755,1.4543932673488857,1.731780903866449,6.186661532648159,4.899538490113752,-2.338896427217259,4.9795537349836145,-7.573806870744917,2.0607205493974927,-0.27480943915909783,7.723322962154441,4.075850194524346,-8.727381874955727,0.5357863223567065,-3.8105524955929653,7.07870103820672,2.6462066108234943
163,-4.865750960117799,-6.983484780971998,-7.587710208391805,5.595675022326336,-9.319359792932122,4.744941557685456,-7.962857318506266,2.4376666956591038,5.564382229441808,4.978145038367352,-6.566020789795979,-7.335712675135446,2.9022189296114753,-7.626896502066618,-1.0286763101829486,-0.039208273917557435,5.130026511980898,-7.111036429040903
164,-4.574728857822247,7.966100763058222,4.013574545059846,7.211221911506634,0.38378615876511546,-7.773366551422269,-2.1102738305652995,-7.522836103406276,6.66059439954568,-1.9838027683386823,6.542198363016784,-8.19187943334407,-2.574479818541824,-7.363743507254716,5.802188238447627,2.8478896685279977,3.9968111718470105,-5.115371701694926
165,3.813897420205617,9.905014542995396,-5.671631726188062,-4.220566373595829,8.793138740000327,2.4038321397392686,2.8208229945374637,3.3299181914839178,-6.017974748434531,-9.815104142603444,7.635276411883311,1.7125831852225595,-6.317177033928769,7.6757306630113185,9.79614610545742,-0.9502812548690045,-1.3406032500605765,1.6325481774284594
166,2.7855208274111405,-7.574956706173359,-9.847989857162453,-7.713892404295564,9.976010816845914,-5.190873467542407,-3.8376884607180806,-8.820133262061843,-0.35727306883444143,6.300455600649201,0.25100924552706516,-7.170414855505074,2.895065430998647,-8.307094767158423,1.810489713598928,4.118186611943166,-0.12553368853501468,-9.98173102661059
167,9.50442797940837,4.607856479929174,-0.8137998446740706,0.9537633447499516,7.761016603642702,-8.181428749266926,7.724172805356101,-1.979973416448681,-4.380875192981746,9.29334244350261,2.344808525530917,8.770537017305184,0.007348720209865434,6.678955307255688,7.959353482662117,0.8738938624855521,-5.776647584799779,-1.1092360116455957
168,-0.18616388260625527,-9.64474611469226,2.565663271427974,3.9317630412841638,7.136360284927498,-4.2651104433211495,0.6722649728795034,-2.8660284198104558,-2.4242102922692332,-0.19942126676511762,-8.390406222016914,-5.205250655961347,-1.164081352133275,2.689345601771114,-7.084645327015274,4.962518285291949,-7.220792436466795,-2.2833527731370644
169,3.0879677640166587,3.6410871919351813,6.501033719408689,5.280777907657129,-7.07115412549914,7.414349107005634,-9.684246780813005,7.414514871627851,-0.96221057449978,-6.847771898755253,7.035057619865736,-8.339675136687186,-0.8030675452522722,1.1111653724409027,-7.769294564261104,-5.282600217627085,9.849589295395553,1.8237631339048015
170,-8.419710485651667,-8.825353837995824,0.22130194294102878,-6.760837371349422,9.859814339202192,-1.2948499265697127,9.561898841377491,2.646537373880836,-1.936996920427747,1.550290394478628,2.6680967408844545,-4.225276725386484,1.1457872357137902,1.5104715076768986,-2.893217086549706,0.34735284327987515,-5.610602977562671,6.849307194639415
171,-0.7272670494806714,3.629707165283717,-5.26453889791542,-2.2273304363571933,3.4711969228801784,-5.025624238503528,-4.694920708578614,-3.598465284513308,9.803680139666483,9.916807864038066,2.5863871140518526,0.4487701757461231,1.2957660642589541,1.043779793594064,9.131008191432755,-7.239820665834218,8.990577562225056,5.661690044729834
172,-3.8550502458860176,-4.613302773920617,5.5350708906827695,-6.93601375470041,7.725496957341768,7.603252866243238,-4.531046735133102,-6.246653332646577,-6.069494579743136,-3.7286162487153103,-4.800401485168171,-3.987168708067779,-2.7327180677056706,1.56939034067606,2.636681942328149,1.0875657607582774,-5.129687272124728,7.18003014243714
173,9.493870738465105,-5.002964691735949,8.105261022576357,4.640116343285094,7.092584400612523,-0.9535187334355228,-7.81922910797647,1.2637072075543827,-7.415507982652572,7.035937785573402,-0.7792012220662148,9.798817876198612,2.6971901371306988,5.741094840894249,0.5355028105561015,0.5907406098743007,-3.5706711338580117,-8.078040572128737
174,-2.802365769169759,0.12788375388399587,5.074808718096392,5.500205130306712,8.52469470973654,4.5547408659442645,9.299593916394823,-2.981303383055101,0.7355797025164623,5.108989578281417,9.646970792907219,-9.618160679279136,1.9307698962215127,1.7185093043427084,-3.8068537289681696,-4.371429456832107,3.1242115742202277,7.0193237751733335
175,-7.989989093213077,5.267701757691434,-1.9900668071391525,6.841829298506511,5.905743029737291,0.5233291709761101,-8.619135712521329,4.9556769519146275,-3.685060218731346,1.34889112443782,-9.036445699804236,3.94304125010059,-4.3853604662785255,9.243785223483474,7.579363101701894,1.9057129977919054,-9.491430275178113,5.654815878236013
176,9.411414992951762,-9.778178651744048,-0.22971984424622072,2.660050745843723,-9.269120175686702,9.55513631721086,-7.482509054887543,-2.686188927361444,7.580202785118082,4.1110563525817145,-9.615176389356638,2.2288753848196503,4.159215010256741,-9.716176918591657,-8.012169152471728,8.032686010701305,-8.71272544161375,-4.357093454374176
177,-1.682835057272726,7.224329841511025,3.549268990313392,1.2692133873351246,-6.557374955999158,-0.5429868532911524,-3.4083780355440885,-5.082261352313518,2.2381225216804896,-0.17739050418681757,0.961956836526701,7.253202908858714,1.271203663195429,5.92286846112178,-8.117490012302087,2.000321436473758,-2.829232309672851,-7.2383345478065735
178,-8.743555382708896,6.448220614918206,8.15976254270511,-7.031824238062157,-5.084690198900934,-0.9531859295150973,-1.0974500525032216,0.8789308505950117,-0.17124547375282972,0.1347493796265109,1.7428932690632148,8.254574189366721,0.8043153930382889,4.341141152331193,-3.37504880707497,0.5850648272137544,-3.5066668766850073,2.680157109924341
179,-7.232080201399196,0.6386815753140347,1.3613185421124019,8.664886211666762,-2.114933580190705,5.485941625173297,6.540931664734735,4.206453009557055,6.4149134052626415,-7.817386561275161,-4.460482504573468,0.5551437541419126,-1.5406869088072703,-3.502163310704411,-0.8209017198140387,-2.287354773101673,8.101769832930337,-5.361655531613241
180,-3.4061463240750145,5.964251180194962,4.7403395879458206,-2.6708300936705847,-9.892019446955336,1.4442571038704486,3.094419794412131,-7.303803529587338,-0.0027085199326943865,-6.144848405124145,-2.8688071127169774,9.9950853526521,-0.2567677238802162,-3.455480057367259,1.0704566879477824,1.7450092277684508,-0.704023074517977,-2.3061930943915314
181,-6.954047668697441,9.79407393067223,6.318232597844265,-6.74425271373763,1.4168308535849938,2.035221999445028,-4.606629374264095,4.934161793177669,-4.601566529375749,-8.319431653223852,-0.30684610134559165,-5.351611372518734,-1.2016193220672235,-5.091665581648002,-6.117316130836792,8.784082683600506,-8.720459945764617,-6.039774481185187
182,6.211965633593117,0.2918152515997452,2.2517518018388856,-3.82233152634816,0.8654661090897964,-1.1979128314927205,-5.327682117773362,-9.992860798764795,6.508836699731056,1.6851889099735118,9.554795411658208,3.971278674184287,3.1895246278130926,9.359577594127664,-9.025997362869802,-2.6022161360580114,-0.6654733307428202,-1.816949463279002
183,-9.976209460521643,-3.561695010737907,-2.0377098685114126,-3.8801965637781706,6.099004541961271,0.20776735388255574,9.377762845093233,-1.6846890850832619,7.965533930364085,-8.307254158418669,3.6190058375151413,-4.299161413814845,-4.591923795886026,2.4745707047165943,-0.017430570018440505,4.78087740207404,-8.84857156937917,6.034054748351313
184,3.58803317864173,-7.064849306665013,-2.0634043165644522,-8.768392750361706,-5.1898690649181,2.887043952721669,9.888813941256718,5.115863607101897,0.8303081395533276,-3.756939136575572,-2.328859913562182,-2.3543858802223783,-3.4776921343324503,8.722496939468968,1.5341580876438847,-3.345796893886268,1.565816033935178,1.778371001613774
185,5.755638108739991,-6.194267572970739,7.855772147362551,8.026163646088818,8.161759512896658,-8.245483480864715,6.293860383058497,-9.13294012167631,7.253406793119218,7.327074181332009,-7.839510363107394,6.92560707252963,5.311744007425094,0.40555720788959704,-5.645571309569313,-8.21451311220831,7.751735165008629,4.970049604970656
186,3.3222126529257743,-9.514451858606511,-7.864837137470538,-3.8066004909383055,-5.121067868225387,-1.1938893675722344,-4.870966099939431,-8.987369853277777,-5.937771656904463,0.3895421936219563,7.889972862313659,-1.8507543250245142,2.9950305808744986,-3.336554132376765,-9.034302546454283,7.367485093613006,-6.30287237404813,-9.573345512189139
187,-9.398710627520481,-0.4752862383241503,-8.976886807459985,-6.244111035140342,3.782965972834212,-2.200170163821154,4.041123804714374,5.719987423371595,-6.174165943673939,-8.375674143659584,-3.0265749157004995,-0.08239695647239209,-2.8350939445862,8.966557026228312,-6.983087402452721,3.501205919222148,-4.774206856111278,-8.933779122480141
188,9.948578712862542,-6.2613426153322855,9.839174176055707,-8.570679752209083,-7.904260431340553,-6.119665557126139,6.159721319595242,8.665447492871742,-9.537834192932237,1.2151977272788308,-7.284629511247356,-7.950739633156092,-1.583357949674868,-0.9064309603629823,1.3980360739629312,3.5290694198427595,-7.6024509457710066,5.107397283171354
189,-4.403337768811301,2.583008368103023,-6.942134346351418,2.3654190267201827,-8.218454013927747,0.07934460907412166,8.6602641731197,-1.1290134745027558,-4.783576993108354,3.6080581579317297,-4.460503345996953,-7.132878218991068,-0.08928031677440984,-5.89850730329637,4.077032954082906,2.2914647078962176,-3.9082572321885696,6.478914476697412
190,-0.9146468417543012,-8.940196840251605,-3.8253643538336153,6.852328929152375,9.5017439571448,1.0500748850566985,-3.4059937237234816,2.26143092769634,-9.86471314820111,-9.899784606153059,7.37490196771439,-0.48837731680680463,0.6502629749978119,-7.472920052976217,-5.367195647678294,-1.417573291268754,3.7253459865546326,7.371196309118382
191,1.8565438192222778,2.427399922521495,-6.808243240065797,6.185683242676532,3.0046476181802984,3.2152536019188727,-3.677035054985054,-9.007869145500479,0.06381066710943628,9.011287897672872,3.2731360209940252,6.508953496922665,5.332253945711784,1.464151643436054,-5.24931214607345,-3.5857973057463344,3.387966306516656,0.14144824993510774
192,9.49771425156748,-7.552346567750224,0.35154227437135255,-9.810361091238097,-3.350442134806899,6.113956126615999,-2.9905952751337805,-0.3308262946977898,6.23857568704484,-9.906716317260905,-4.283906068113366,-0.05479641855814421,-1.99010816262685,-6.516277874979872,-2.8829966547413077,5.170653230005726,-6.922439598979572,4.858361978763028
193,7.870858718213487,-4.232178025640065,-5.7547933648265515,3.60815908342831,4.200553314387449,-9.92684698259723,-4.399270009259444,-7.221184908084377,-3.2937083878877864,5.481767283329157,-7.003397468849258,-1.2778313673893837,4.148932459469414,4.292121530751194,-9.86308344231336,-8.224420576459996,9.16125574999434,2.6776047400137912
194,0.289305682263862,9.886310287731533,-3.6712287623912854,9.810097076608557,-4.206609501333098,-7.658532067598951,-5.276937465797323,5.092170472318685,-7.426581923035844,-7.3955213311575685,2.9219791356679856,-6.076585919011375,-3.3525872187182486,0.6483068925459108,4.067475962004579,-4.407350942201697,4.750181137672648,7.190162888292008
195,-5.013821376305043,9.82741419871185,-4.621776828457347,7.879272918078172,2.8170241216052716,8.837309060932924,-4.8191647824161326,3.9147824444323387,7.2591320937100825,3.949894154064154,5.852962302563675,-9.898792775612115,1.4628775045176283,6.836310887169791,-5.116093279255169,-2.6504939145115936,-0.2255563027949279,0.46443215020062034
196,5.65968124631951,0.7088046745858954,0.37736868412655156,8.197641600067637,-7.365394410499128,-7.55769788902713,3.1866095179035536,2.3725663119542,3.329439297508589,-0.3527520953095262,0.2546154214715113,5.9233709737318385,-0.25217463389339834,-4.9024179423114145,6.411233969428501,-4.8393698678387675,7.6115453143473175,7.240601598691516
197,0.5542494242772058,6.8666909004993,-6.574157091281593,-5.985313762709699,-9.545955038533663,-5.604442993079582,4.121822703027181,5.554999617985953,-6.642995780384835,1.540738212686307,5.920660213860614,4.609782913217401,-0.1827335535547565,-5.943393595856112,8.90786214373718,5.750948794353182,-3.0797589384869095,-8.90802151204449
198,3.6592953848392735,7.289022107325501,-2.76730583553846,0.30125491113357583,-5.100695394382164,0.5170007696189316,8.762315250918249,-3.609601512046048,-2.7221074519138106,-2.275415150973938,7.570719974435349,-9.597921256223291,-5.0885487324009615,8.28487152113399,6.5821279558752295,-2.1259269886252223,-1.896227197119229,8.452727500166596
199,2.4717808117625157,4.629555030313115,-0.5341201016141142,-6.815562574256511,-9.594325660521442,0.2995556255399645,7.366142686676994,-7.663077052176086,-1.622438171750165,8.863525617999017,6.834248730818626,6.860151069067278,0.9631277182012337,-2.386964529943125,9.336518170179254,5.740761161192063,-9.396044399996077,2.3260163742490736
200,3.754441978444431,4.715243022464676,3.0527160944872644,6.147637666226785,-3.8590694559845096,-6.326888968864002,-4.877684576559089,-4.9094053319402615,-4.278342013896259,-1.2471111970678805,7.319146459009815,5.474571127770126,-1.196387619304332,6.891034058557366,2.5078239418838777,3.0082231114996443,-6.982274204401573,-4.22949030580829
201,-2.53792782395033,-1.2505019633006569,8.62129727539385,-4.365823594575948,3.4274094437916975,-2.646837838243796,6.97043834840035,-5.5560993917392505,5.93017342070992,-4.939693712287205,-3.4005710797226785,-5.909381177802491,-1.3932245791124132,-7.042907398634535,-2.722929305440287,2.4177882042853547,-2.4179664259718585,7.510730255644628
202,3.8069885816619404,1.9702478523191065,0.8970602964425076,6.3365519015276135,8.526816173461967,0.936608999410339,-2.0230047945372824,4.376646243708089,2.6789969250541645,0.02499580884838437,3.8383224296029823,3.5275219400193087,1.3593111249796426,5.103751184229646,-9.95481979607132,3.255741489439428,-5.5410238198205946,-4.756975913893209
203,-0.9879139842246136,0.260970400601348,-1.4779064065445837,8.11823884975436,-5.328665087620661,0.25570723564517905,-6.022077128186254,4.252111048805634,-3.379340043720087,4.286427532091707,-9.396783755960678,-5.410750103795046,-1.5723883009220394,-0.5650813524799148,7.848863842371308,-3.301479207036153,6.176264510739053,-0.43887799603359134
204,6.695268539703136,3.709810582347174,-5.525848235561474,8.348275015358006,-0.4705414755879733,-0.8987831053390494,-8.2719130001688,9.32379089601912,2.1556459429002945,7.478612314831036,6.571150659834387,-7.016832680430685,1.2862136539177964,1.2726058540138379,2.7301421656984193,-0.6404899054433102,3.443500592114182,-9.235131335023027
205,8.4544302713831,-5.971259624867347,9.616607529035978,-9.969421169092719,3.7318927206010173,8.174274688256727,3.5559682560828954,-2.7717552953837004,4.767589520325277,-8.504566572829674,-1.2167192159043836,-6.279716481762989,-5.706395587664208,6.549569636617814,3.931775131497112,-4.046904510348224,3.9186443606860895,3.6110263455517444
206,8.17975749911552,2.7353515818625347,-3.6261271724337103,9.907228483578486,3.14846977749653,-3.941813835994563,-0.4896444394235573,-6.9716080084333605,-7.001105814074995,-7.348374972995176,-3.9818906675194743,8.512247663645752,-1.8567778291608619,3.551689673048079,-5.111618638254683,1.218761817364305,-3.908051976363664,2.1082252886741166
207,2.499261638404162,8.491412570313265,2.8311713798265252,9.273409919706367,-7.171899558214891,6.917864237109285,9.211229434541497,9.876703212997693,-3.4907967932006168,-6.418250898105984,7.706816865376034,8.19561623697409,4.06321927385623,-9.926198562092981,-7.60423289957213,-3.0001850418255955,8.377921604703559,-0.8759040121048685
208,7.562992896175182,-5.003020135837386,9.000367089167707,-9.169450117302302,-6.127487914520577,1.0583779881101218,-5.137397176043114,4.9122171177838325,-3.725042126268672,-1.2469437723966674,-1.8724049191554641,-4.1922775471555855,-5.074955021078901,6.502576672448523,6.819491622664447,1.8776527206098024,-6.104260536195055,5.776959751764572
209,0.3758632385240279,-2.858980186601232,2.1575690054442713,8.116418351039584,-2.7097881417096463,2.912390198950215,6.078479555312892,-6.624348314895361,4.909415190969392,1.1706937588403132,0.020705532191588105,3.5678645424502484,5.8012859324440065,-6.442943715849767,-5.357791169110044,-4.43500161197107,8.751033103745279,-6.515499767244972
210,1.3323319454424105,-0.5537080004265356,-6.0531710315857135,-2.4706155291066167,1.9234910370727611,-3.976146042532842,-5.498983721561331,-4.828815560723305,5.1695627777576725,-2.72652245702802,-9.247960183346366,8.49401722342272,0.4050489545187208,-2.367275943611018,-2.994590511638034,3.6742068244395973,-8.560861246694259,7.15145973704135
211,-7.4060777709648296,-8.192389173525392,4.321985911376487,4.606978073505294,2.1120403236548686,-0.820016707306646,8.045225081012891,-2.668139299478021,-7.340113445981238,2.768705569441291,-0.9491131645067075,-3.2771301340442083,-1.703636632782752,5.734747895721252,6.479802877172908,-2.1861342342829744,2.048476520512036,-3.0271998368345576
212,-9.510183666765128,-6.167026759136034,-6.231280746944368,-5.3394228058324416,-1.6836254671023028,3.9259006689274774,-6.665870171685889,2.9150959649339896,4.5478483997559955,6.282178595730656,-8.358881703750187,2.38594859086842,2.2730218255586827,3.9509216764958417,-7.238585899570342,0.9353473431814798,-7.618519572423743,9.52076998667695
213,-7.259916823922909,6.631363802494942,9.29064675912797,-0.47723927091355023,-3.291263386418617,3.462358186784165,1.6646000599222646,0.8482261390737094,-0.577151865059573,-3.7406058845336094,-9.274678684822169,7.1088175876057775,-0.9997362934308391,2.2849744553874487,0.43868938935538004,-1.4079122349238133,3.4537586571023464,-6.770503195408888
214,4.13581501551441,5.072740609914764,-0.14149108822775425,6.663152919104736,3.54110761182179,-6.201589759664308,-7.00337318085589,-8.077858451823367,1.4658587432572983,-7.250132631141426,1.1681951461900937,7.859096809095647,0.9989100838736658,-1.955244455142342,-5.3900402834206655,-2.784100707167772,7.951966346157008,-5.60760048721725
215,-4.885017658420967,-9.556946621821613,-9.094661507484723,9.525636417500476,-0.26281917985000547,8.513230495443977,-7.381399970127531,-0.2763128040086631,1.6221394321457616,-5.659829466310438,-6.757122195922269,-4.175992840855097,-3.61841845686728,8.541324432362266,-6.202907047494495,2.2640787331285583,-5.298238872105838,-0.32287019236375514
216,-1.7815547514807744,5.5983446381787125,-6.450637665003129,-6.4659646496816325,-8.784472749786163,-5.7795954253151605,-1.9765492032831933,-1.0554334381541608,-1.3706772940046825,0.41078073205859766,-0.9108160527628879,-9.958720362418973,-0.06415233710259116,-3.490883309337354,1.1487857878328498,-2.1200929808338254,4.371724259956839,4.653949303394494
217,0.5161460766937758,-2.1737772714009473,-6.425810608790399,5.681671750527734,5.057121571467789,-1.9383683877810203,-3.472298211028832,-3.937091344401143,2.5730479613711505,0.05760712993486017,3.534724290928663,9.350188221795523,3.6716598144428243,0.008124289821909159,-3.3427414792274446,-1.7481078145936806,3.3285289863621976,-7.222713546744021
218,4.9234496175985925,-7.930735889259665,-4.759774392001772,-7.8970972949229274,4.3131175072002765,-8.68955055060322,9.905560197813177,-2.894715413107698,-6.86062364558283,-3.1086970813328723,-9.392888445573885,0.22471595834679015,-2.5542476739102042,5.302264242387341,-2.4893470380712053,2.484221221214531,-2.81159611430952,-6.674545928697926
219,-8.189134327575688,-1.5273274061084088,-2.5858907160005113,-8.236946397972789,-6.861535862839703,5.525631584383943,9.892548248186376,-8.337773873651637,-9.4339981391803,-6.431157385239777,-5.313110536288523,-7.211424580862942,-5.517913726433179,0.44143775434988086,6.056960574669702,0.3275201940489829,7.364559396338702,-9.764247621667252
220,-1.5850476926667234,-0.09590339649557578,-9.388831252461907,9.94012226646728,4.252090665153258,-5.158056619918037,5.647016524388439,-6.145054390319733,5.277228523218424,-2.5104636875080395,3.2036048445679626,5.248108552065601,-0.27129197848386255,-3.452394270287737,1.4512396446625004,3.13301384400733,-5.066834345804665,3.822232561655367
221,5.161456069897296,2.323927082441182,-7.91067684207049,5.565180061191059,-3.111672623391031,-2.8009848866554554,2.763713248426626,4.982575288873321,3.947418887166247,-5.876007160614714,-0.36284171087325845,4.1969146561530675,-1.8906532813632104,-9.766738860701636,4.761026901477921,0.8133665740767917,2.125490640469202,6.498235512515468
222,-1.8040876996576305,2.942919037858829,3.5903070452343737,1.0653463943687562,-2.5422378847056066,5.266671870678421,-8.989097185614227,-6.994173884190835,2.8509998043545473,8.428569653173795,1.422768063443037,1.6706153300424713,2.54831960860869,6.340052569587904,-1.3117340938448265,-4.514981812253938,4.933183400979711,-2.200192045595184
223,-6.603054162870143,0.6380752777433703,3.0793242636718805,-8.904797127542455,-6.66099898953777,-3.1279822920609384,-8.295433826698655,-2.9621771650784385,-9.878670284522649,-0.4895181808547999,2.686016050677342,-0.5502970760248758,-1.3109902254309098,1.0956972012014177,-0.5288659890031848,4.190543413324717,-1.0956190508268833,-6.761463432330405
224,-4.407965237939646,2.5297049470581783,2.3028990771109186,-9.43766469359607,4.5569898715721315,-7.712833852417786,1.9117494647338606,-0.6594188705789801,-5.09111218721668,0.5439082694139259,7.929049033907184,-2.0276590441321733,0.8246235199068508,9.22324088066037,-1.4159021543135442,-5.8136241923629495,5.343078374617345,-1.9518046375402136
225,6.337518293451282,-1.25864515457868,9.76417962600452,8.110875337338246,1.996283092871769,-6.572374040609176,8.603752303141967,7.15336356657949,3.1187284308708954,2.180646560338653,-6.462248980582892,-9.336848733625738,-1.3570494416024932,-0.9628835038359895,2.6274474507418333,-2.2659102938268365,4.612473157102496,-2.4641550897756215
226,1.0253246002247511,1.1387497255295393,-3.1922563053854036,7.141884728647806,1.3586017751835104,9.909395240180562,3.394296190725374,5.057920121429735,8.95184640724695,1.1583714545034844,-5.603141486823995,-6.931350789112239,-2.373846918706059,6.4100412141064425,-1.006653960338289,-1.0576760762366018,-1.7706449749064905,1.5871836563783397
227,4.187532504017037,-7.0042491539077245,-2.3032919273162804,-0.13531335370932318,0.5617234246708911,-0.43226788380430925,-3.388383917518045,-5.143982508251472,1.8172561625520096,5.419106158578348,3.3105956011125066,4.534161090721671,1.263810628239776,-9.787946148520772,7.2969234779704415,6.18111145025377,-5.303797609479131,-0.9261393496203212
228,-4.282033938848477,2.835424010815304,-0.8305222864762403,-8.287279584965738,-9.519052461733109,-6.461306556359014,-3.9340842101018625,0.1165696450657343,-5.075558504065354,-3.0296264533228534,-3.354092712890802,-2.7052238814355007,-2.0598161382029705,-7.472207505460613,5.053189259792779,1.866877850151159,0.5690454662621605,5.284689698163952
229,-9.474903879183383,-8.633768436385548,4.240886164469515,9.025345393072005,2.7920083653530803,-0.6636709216139529,5.335415224920773,-7.108973582683564,-3.659532428500329,7.018755163235642,-0.1693409701325166,2.790011230706348,5.14447511347247,-8.28008226082817,-4.256934655220588,-0.9333367383814775,8.496560677746753,-9.416346517088654
230,-1.2401206749408544,-4.327933029685489,2.7082354471510524,-9.749048746354205,8.857716601934321,-2.1121370926739935,8.221260908381474,8.858307113701034,9.978322611949512,-9.672340012883748,-3.816169428681306,0.11449129845830619,-5.8806622325163165,6.957311065095524,9.857654622297712,-0.34593498991292293,-4.064675321048674,-0.17776012139814945
231,1.8125055683791125,-6.0906937011058275,-4.5855399999392565,3.1307270450376894,1.1097555991412538,4.104475809565022,3.422179087306594,7.687424010029758,1.3476480378253548,-0.7683480692960458,-3.0711927854793997,2.721587357971698,-1.4214252985798481,4.459257462550694,4.464213269480615,-7.091837010587383,5.109083452765121,9.730225614886272
232,-0.03340709016602972,-2.232642274695589,5.159836679512949,-5.855310769263006,7.223060710967264,-5.516402468636619,-5.927249111312001,8.1215801754134,-2.6075216524526095,1.6126105345200799,-1.6051516273104411,-7.98347999377153,-3.826322459110556,7.728910264059916,8.856320070692398,-5.461559654133927,6.485715181227533,1.3961664533762637
233,6.456862886295468,1.4763668147008797,9.36672699893834,-8.647780211868719,-3.255532129034062,-3.1472446491619754,9.323462914030891,9.95958576823455,-2.567282061276006,-1.645046621757329,-6.897249621766967,6.169392666713694,-5.370108759614299,6.429091965601518,9.818844582331078,1.8965360211925315,-3.3537113399511975,-3.448267444473119
234,-6.13960537578704,-7.187381877402013,-0.27757744389104744,5.194329991038643,-9.599792791933323,-5.811467165710072,-2.268800660218573,-8.895579412178174,-0.4314005288581093,-5.507417593967752,-8.001077786796616,2.4319226493927992,-0.6107275037157418,-8.37515794024062,-3.203156648631589,3.7724753710572827,-0.910417751255455,2.7660682719355005
235,3.704947172621438,9.593253429895494,-2.484042188829852,7.260423513011549,9.466852205840937,-7.6316309948245316,9.394814509124487,4.518983433578342,-8.363748532905129,2.1557554420440077,-0.10123289087040277,3.978941581155853,1.568020103014689,4.180314380542423,-3.962025612118392,-7.375305951505727,8.06916649400996,3.192182980814188
236,-8.299209286589344,3.1834842101025256,-7.278865789227886,-2.6238022960326424,2.204594314050695,-5.641412236526991,2.7667289902420737,-0.34010175712398727,4.584844062248187,2.3663592058169254,-6.9439589593847835,-7.915495784243786,-0.27096584401955326,-5.669772106912996,-2.6052028092089907,7.751783418914787,-9.124267754919792,-0.9205678629162524
237,-3.65576358742204,-8.816162484941737,-3.9151423658607376,-9.474805790496472,-4.556456023480278,-8.59870192255749,-5.464876367379725,2.870916290210177,8.60854643455695,2.6547823769097985,-5.835083343736763,8.445556764349828,2.42300612590574,-1.34719967434261,-3.4966601230190246,-0.49611620281582347,1.5422597516631047,1.0066191630041121
238,-9.412606921182858,8.269544785947879,4.725590647386506,-1.6823419977825704,4.215943425431609,-3.91475410019601,0.41013522721710416,-8.717057861972375,-6.963166669730674,4.931487071769343,-5.053815308475054,-0.4878217517240113,-0.45492929513554436,4.439331449890808,-3.3166740073308425,4.552986760255566,-9.563173409769108,3.342889524454428
239,8.861539368491336,9.801265060099208,-0.1130038660536421,6.543131761810535,4.221129534636965,4.682979539399955,-6.11771989661756,0.9722076072415824,-4.0880335714336,7.188102212223665,9.379664404585743,-7.939505073668118,5.088931916782283,3.027134882530003,-8.800171482986629,-2.6957238298128727,0.7102061301819873,-2.110760140012653
240,8.559221290757804,2.845057124486406,-1.133428953956253,7.710829310736678,-8.024274407679453,7.585890309067118,4.197165767331777,5.332791855558289,9.24627250396382,-1.858529478695738,3.9578365485029146,-5.090063657455928,-3.0866760849340347,-4.026328223817299,9.638925026760425,-0.92030894106726,7.768214210572605,-8.078491863378785
241,-6.160717147717911,7.982047763170343,-6.1829595836441715,-0.7671460894156432,5.521043358707395,3.377775981244861,-8.313804800473354,2.8955865930026707,7.593030787467459,-5.16747088685694,-9.097755289873476,-3.2495362200963136,-4.1763979720573445,-5.307419237726383,4.511165521218448,7.5060864049177844,-8.786295766381194,1.0138705177121423
242,0.47583302772629565,-0.28973220036724,5.273302877539649,9.539262607099396,5.868438366155237,-2.226767054299417,7.0181923953656415,7.321924148883973,5.883091753150346,-8.543914523648395,-4.039760187193357,8.189805745585733,0.7658024845753086,2.2671337426730744,-9.970763367811742,-1.6488266269880114,0.408908776299878,-1.2495443519158567
243,-2.9888610949026724,-0.4781368975547995,-6.567641722882129,-1.2140372469520777,5.329139683159658,4.846023092255274,-3.05592955662555,5.285993724191542,-2.966565584384404,3.0677336694977164,-3.698696387146068,5.608725472648622,4.8418890104602035,-2.3504609134735066,-6.245930146334655,-7.453262506811096,9.245878901115582,5.208800832289569
244,5.089170088056452,-3.334777859716751,6.885000557000961,-1.546760989764861,-5.201506141542451,-2.114340849056968,-4.333176910948917,-1.3871059194317166,-7.449568361501438,7.02561895291533,-5.14647315256072,-9.52002181187889,1.8677448491456303,-9.999582743023891,7.462173157951689,-4.933419930725815,7.7674787201592,9.045337252826481
245,4.47383613454984,-0.43713071473059273,4.351290554498789,-7.545272716483233,-2.079189696110979,-9.151782776162767,-0.38264799095533064,-4.045932787055078,4.551031178678286,7.521308430780451,-9.077804732825465,-2.247206417707708,0.8753165441009276,4.842138819073412,-1.3830419630181634,0.8185412354515336,-1.024563664350243,-8.176161883930861
246,9.148623146526798,3.6497122074425157,0.19767262758680637,-7.273802394529745,-9.960582655204593,2.415605753869542,9.80227009717288,5.647961520015743,5.904483462644457,3.827151864760225,-9.266851231751659,-5.272132791948723,0.4677752996273643,2.373978258127245,-5.5503760595277996,-3.465912303799989,5.337963351120518,-0.1594481212163643
247,0.36313002383740134,-7.982201404922846,-7.553834646596853,-1.9821737943883644,6.523482583584716,5.590522299205173,-4.736792743575984,-5.042169497265969,-7.704613596888159,0.39688280251008834,-1.5682564033671618,-3.7489066311691266,-0.754256563730225,1.8648923077866542,4.640302168179938,-5.819664232889263,9.416573212659966,-1.2249792584197472
248,1.3789852022904299,-7.581357071667205,-7.540170883116078,2.701093674754045,5.710197136828736,3.947503487078194,7.569814615288379,0.17149140246444716,6.399203776311509,4.5179210723382965,-1.7858513316586944,-5.182757631649848,0.7307469489448017,1.086042256086035,-4.792965147405786,4.634828593092376,-8.336270909674292,-0.2934757714992653
249,-6.202808801246473,-5.422258875024964,8.910785208139508,-6.601642574381255,4.340252296030773,-3.7211305892819535,0.5445366925992374,-9.893718402532318,2.9568488777435835,-5.444763861025632,5.414713103265576,-0.9907750716859436,-2.263788744389636,-8.852621093603277,8.810189424470856,4.479135836895614,-5.609742156818809,6.8145849941096905
250,-8.182450798879,-9.523134641594535,3.3984833777225205,-7.692207804615543,8.175963866786894,-5.516485424837166,8.604628175126908,-5.315413385405032,-9.660481175459445,6.326398555246044,-8.772640048565881,9.343309742815073,3.1945079334710247,-9.404852064958106,2.365566250050806,-0.6943977866973317,6.651722782455117,-2.7537161710983664
251,4.458446193428475,-3.8975074027095697,6.570018342042651,6.677814024013561,-5.387826081712657,4.865514708073048,-1.1751783539209413,-2.153174190397724,-7.379421881070689,-0.20065531201982623,2.6965276645506027,4.257416059742257,2.9668687823779845,-2.136671054909087,-9.130903634934576,-1.1923028711550625,2.176487030234222,2.5269588002642855
252,-4.4695472601881665,-3.597410305058462,0.9405842041442973,-4.409843326308948,-8.334606854022226,0.8719426997020836,3.995117301597489,0.10714945180935587,-8.82734424564665,-3.1072349202230782,-1.67058539566378,-9.408587369909913,-3.2295212105271354,1.5061093127374043,3.962685010184291,-0.4989420575206953,0.4171822958940439,3.0509663586149305
253,-0.5520157810833464,-7.225706822745057,-7.1651087293616555,0.4853903146039542,8.570619442746946,-4.180621350235709,-5.683566276589051,-7.815188616396687,-4.879313615256649,7.715914999038663,-1.3468795808385678,9.994303318987946,2.611632147944629,-2.9169230703430387,4.112258571184322,-0.11564127734948926,2.135348835123649,-2.292579042631047
254,-0.8489906932274636,0.8502513308300941,4.6386647622681885,-1.7649819151443609,-9.401383674389198,-3.5380785365927325,-5.946992627679791,-6.938069394765376,-5.971425235893031,0.8450965113783333,-9.26926638170589,7.571466372353029,-0.3153823068167192,3.877127358143362,0.6009085924157453,1.5261747370911252,-0.9695219464494631,-7.8447967838616
255,5.961349891295313,4.711831694527522,5.703601127224243,2.032011903197649,2.5945463214761126,7.7122427343718485,-4.333941167697759,-4.897594855261211,7.063964717918104,1.9114912566194793,-0.06037032589823177,4.371302484818376,0.2725288977968976,-3.3182997982356337,6.31493503094314,-3.4280291236028138,2.320523673683507,9.013122368791453
256,-3.709735447050151,9.796052147232114,8.002200733233419,4.046959040213686,-0.10736865203920765,-4.021711999028765,1.316748497046838,9.086187352382403,-3.334388728929973,9.519042799775985,-0.5626325378620027,-7.4059336030965,5.938852070602554,-9.485729014003399,-3.3471904987933687,-2.9390579118864535,7.922502895845497,-3.287920807560658
257,2.521933406648584,4.474582613758805,-5.71098983041153,-5.366041836217406,-6.088127528025808,-6.077967468874355,1.0266450690858893,2.4090443314410965,-7.24309524821969,-4.014688664215827,-1.0313824609980493,-0.07513983575439553,-3.618579326459816,-4.451043923963294,7.6328720518226305,5.508850696765833,-3.5548680306321163,-3.6677632198472416
258,7.234880637516916,2.240539431883157,-8.82217856859384,-5.866927925801413,-4.674939957688473,5.280020430247095,1.4107558409419791,7.69873908717274,8.351153983415372,-4.040666287340584,-4.445563799312476,6.087832763178206,-2.1648720926425895,3.8715433730828295,1.1799748292696712,-0.48931979763306543,3.1669385159066152,-8.937134976120467
259,1.750295173677177,9.275270299237452,2.8500532438005184,7.509196216454303,-5.965575218904751,9.026689451563158,-4.642210554886743,-7.613837949122302,0.1950599920456053,9.64079273918782,4.68669096956714,-6.782459405914643,4.239067279647536,3.0041376386093894,-7.78467947297746,-5.00890621181338,8.419634562328934,-5.050268383023637
260,2.2163883426387265,-1.8169229420046271,0.9779353033122078,-1.4882799320727855,4.3387619859811615,6.2534860985062615,1.8241017298927371,0.0046371983435236075,-9.382600203305016,1.5226350737076721,1.1829249182862824,-4.41754435052224,1.159515109313137,-3.0776616878566205,-2.2911442502669814,7.963443633481543,-9.46486659317509,-7.889833059498692
261,0.5564428202150964,7.958805989135975,-7.229978063686673,-1.5801087690760411,-8.34365645566197,6.082668875743305,-5.0037524645355,7.512147118598694,-0.22837095089128567,-8.844039468597753,4.34367229032957,5.951867551972821,1.4508901948431294,-6.022547826026717,-6.2811094180082305,-1.0515416726244524,0.9785376395027416,9.159939670008775
262,-3.36212418164215,4.862895008650668,-8.556781614214842,4.2197330027382876,-5.948135785072539,4.344802723977752,-8.623726910942684,-9.649168604975575,-1.814954369266001,1.906786531309523,5.224944253064198,-2.3461005968296593,-0.09841859500289374,-3.397592335172077,6.600610553556969,-2.93784459296635,3.321077838507346,8.788581393584668
263,8.348601746479538,-8.295311971268616,0.6939541319930349,-3.4654367341289527,5.934415044734273,1.3741759127926816,5.914434389523372,-3.781344072920856,-9.93581942699019,-6.7591054655807685,-6.759943889891882,-2.9037885499790184,-3.51033955380087,-9.39278626731517,5.86438296162302,3.9924944300312415,-2.3350921522992234,3.7756842805065176
264,2.2377570856803164,-6.294932036516975,-2.571269831104601,5.162415936768115,0.15817638849098437,3.079182463800535,0.8754107110385956,3.12108934757447,-2.3021809588838753,4.42068511199291,-6.105752735223957,8.345714579703667,-0.3011652195155179,0.6617173357920763,7.9987518789908805,0.04781159249524336,-4.429649360676418,5.318948739852875
265,6.256801392881165,-3.294612681213489,4.248946597470836,2.5309153960807578,-2.522686779612302,0.2618256670320829,-4.30889953348694,-2.070537839781375,-1.2193250990044309,-4.0988622524671925,9.921787503414816,-0.011197676537728185,0.2126483419271441,2.882303838993449,-1.4567793430691083,-3.3282170627098235,5.205701204098041,-2.5294105873310047
266,3.8004202123739077,-7.952117636239359,7.896321575385141,-0.5918458689864075,2.535904346196032,-6.142955321745916,-9.322941230387823,-5.722483957095514,6.925990625972396,2.4573065568887227,-6.942375705969448,-5.4204277314871385,2.2105943417639367,2.6394266160655953,-7.226871849217924,-6.298103141663212,6.9722193969517114,3.3568511918003665
267,9.9402432768924,5.599536288852235,-2.7130852908989223,9.426303429972588,8.931369402034854,-7.533735223298943,-9.054123376138607,-1.4590776993301304,6.186790122247089,-4.302935574833566,-5.105026112996964,2.671822849258813,-1.1835761780784342,-2.1306656036766576,4.042491414154943,-4.16025970211503,7.541383190138443,-1.2804803648451308
268,-6.5990897873746786,6.136313078768055,-8.312798555738967,4.745779987710526,2.996803743158324,-1.5279055140707882,-9.680431697804682,-0.6356623352965141,-7.922624783825527,-4.17710968205856,-4.815697160735182,1.2239773695246026,-7.030648556635983,9.487759090596839,6.972361788599763,2.3283309234229144,0.7335835083545756,-9.484307582098769
269,3.994139406884079,8.815137097963998,-1.848344884683046,7.109050684519957,-8.197601021792844,-8.380781294255017,3.4307399032546684,-4.608302517223775,8.859281342513551,3.886816755603295,2.472507951444932,1.0184940970422574,4.2864943748724205,-8.732334688414152,-3.0895667523069115,6.818597210503761,-6.331804447161442,-9.579816032343459
270,5.026339586776764,6.241385087961003,-9.81636772952886,9.106569212388923,5.933261796330818,-2.9644591713362516,3.705783016788809,1.4438999893433895,-3.386461123414131,-6.30110190405283,-4.1068351567913925,8.329706506473599,-0.09415924899928996,1.3140854664456505,-7.41095209940501,1.203602180921271,-5.515325648614313,7.211702056044398
271,-4.101606031382692,-4.183639804390758,-5.587688718107371,-8.226719397169662,-8.86405254436095,0.5942467441306079,-2.3230207717331037,-3.2982973527518844,7.096826048959922,9.178503115464768,-8.904470592253004,5.606649278104317,4.855847998259822,3.1924071371617746,-5.5596377572369775,-3.853009353693415,6.084766103554934,-7.090494001932532
272,-1.9871944263452264,2.9712984834012204,9.494310349494121,9.623924986636755,-2.1384993498526566,-9.280829407002111,-3.236117159016989,-7.191981759564534,0.971888467229892,6.506151195980806,5.514411913077026,-5.101141683185335,2.9024933494740264,5.712277918780153,-1.7417579407418433,-8.592620740257432,5.2216188187349815,9.952722528694398
273,-1.7645662180386594,-2.872976990105225,-9.304651740555363,-4.8654517349618835,-3.9016790046215544,5.225451931058139,-6.51710989940457,-5.368787192251938,9.345113177194794,-0.7812888522286379,2.3014033494510873,-6.775699045495783,0.056803305792364256,4.194160638485469,-5.191032850765598,2.914901087651554,-2.1881767610314995,-9.98239089184777
274,-5.810758079207583,-2.950153685987953,-1.4299079197367561,-6.3329053969629,-3.2969276226732402,9.212486829297912,-8.531531744342466,0.9266125307721911,3.690635082409006,6.772788047898853,1.0580325805804698,3.0555014874111723,5.977739764736931,-8.586970907053875,-3.8492811111287946,-3.89747387794875,9.446002940550745,-0.41977617204767625
275,0.04767494264854477,2.5374039202548957,-7.9503953841167885,-9.284450362855521,-5.020427328258488,-0.1919596205242513,2.231769822473595,-1.9312140831619082,-8.958836452576309,-8.398922724974758,8.000271743901202,8.702698713567262,1.6391752450744157,-3.0137086680053216,-5.407062405520408,-5.153675947023022,9.645393593945531,4.027887679014711
276,3.7155833906788978,2.9560292378642945,-7.221518502679096,9.215053819515596,-0.09746527588576903,-4.901835223934881,4.333166268074084,7.227329548929482,8.71801292467513,3.6873962627862067,3.671278936552561,0.9818028955785074,-0.8764170264590305,6.820443953763487,5.4575039095164435,-6.970337044356163,4.189388319818896,9.984768489786962
277,-3.025474181577337,5.050992949511908,-9.095027821167598,-1.500842426098579,9.073282669587766,2.5182935861290634,-1.0738743059766058,-7.619227495926387,8.694223048586874,-7.54557389434517,9.381932320461477,8.257896452095743,-1.8999484597153593,3.388714822988117,3.241858268190576,4.151910017461297,-4.589230118671212,-9.71911157824701
278,-7.137249041027733,-9.834284242674496,0.45641412454925145,4.998354240115166,-4.901897215312204,2.334016665582155,2.1635336734813784,1.5037741986647024,-6.752653562691044,5.830420332228671,-3.209006539472073,3.897000348210806,5.286944477084765,-5.566451339797915,-5.661837811581842,-5.668802077970296,7.84986799223087,6.9825332561514415
279,-8.915671539983496,6.605948179807793,5.7319236879214515,0.7288675915469334,-5.723000021222971,-2.1826306724018796,-4.569559903219018,3.2243366078258653,-0.6972702284128331,-6.6437230177895135,-9.558690651783085,1.6237835160090768,-1.2484196998764023,-7.650536187381811,-0.7886475332978637,7.293392110921502,-9.526796807196348,1.285999401980142
280,0.2682347170776733,4.777546025242627,6.17848880354288,9.979913390955321,7.82823717309061,-3.8210241920966803,-1.6303973994889418,-2.895907274197307,-5.5860844383797215,-1.0140204764786187,-4.079099615600459,4.314293739641277,2.806844042027576,2.6257558040148155,-9.997882019030024,-1.0806063779471682,0.35008726151581904,-4.470660620871126
281,-9.424061145297298,-3.1754537646006824,-2.8614621893023244,-4.734364173945112,-7.314848664544553,-7.512548942175606,-5.5240699357772804,-1.6180703482285157,2.7822216420482153,-6.467855622026377,1.5839477470197814,-1.7940988047657829,-4.206634329863787,5.259095875441751,3.5492375775996408,-3.9087098891749417,8.415370270505939,-2.296700360175774
282,3.0060805414396015,2.3519680578611375,9.135863643759777,-1.4079352752258227,5.646178264737824,-1.5148897231085012,-6.52793548929425,5.445242114148233,5.1928879881378265,-1.8363945603004126,0.0036919214096631237,1.097572008317801,-0.7579355818042117,3.3461094723759075,-3.4337896658737543,-2.8178817889817402,3.162339909818037,2.7936480820896126
283,-5.95630976579999,0.6973074954240097,-0.18613376585197194,8.687503247876805,1.0870567550195673,1.6052906448824071,-2.4399777469705537,-0.14854986163989103,-7.315623791876766,3.360260903792172,-8.21725844854411,-9.31235749914089,1.9613333730132538,-1.899193030326833,-7.8453982507459425,-1.731830414923687,-0.7417191567925236,9.47200342799131
284,8.396275089473956,4.291433797584274,1.079107850677552,5.052010860344067,7.977762011594297,5.314203750229769,-8.84324993365376,-6.560688192825519,6.2939458250348075,9.95736904259801,4.075834361302951,-3.854962306303797,5.375887731517031,-4.637888752676673,-4.260454067725776,-2.572322756834433,5.913398707934592,-3.3137292819332975
285,3.371597490966426,-4.479008420406771,-6.792548553435777,9.699116911259832,0.8672904441994067,8.259830598392178,9.650674821143404,-8.839143037038859,9.848978587881,0.5781506434155723,-9.703102589745736,-5.258812196294826,-2.4273211683831786,-6.577696642294882,7.438075678818091,2.7487859268393837,-1.8454639637518344,0.4545359073217696
286,-8.878480127105213,-8.160847841921994,-5.066456874626608,4.3357522578808645,9.906430979772203,2.0365316302024556,-9.478318059583122,9.467888222068012,-6.36467567519865,4.48885262128362,6.379515730489086,8.82813443397027,3.3512635243361277,-5.2043756051600205,4.225528771142127,-5.1069170933557135,7.885426150111115,6.459014031059297
287,-9.583796060382886,-0.9639911868334838,-3.714474630740643,-3.2003870250802695,-0.34322268696122826,-5.515069375108615,-6.133687751098689,7.746504362270215,4.747657981278078,-6.99213984621805,-9.683011271749539,-4.732793504648831,-5.663150920189073,3.130660022173009,4.814639088993889,0.2755342414899058,-1.9523321569537426,5.916203811375645
288,9.29049667248049,-2.5655860728890882,6.734513914392547,-6.672552640144116,-3.7941086618334445,6.006744367465227,-0.8841664874633093,2.5319634746390953,-3.2727108719449216,6.286048381994934,-7.763727161406462,-0.5223347763338744,0.19655839096358108,0.01911061979841122,3.144895417260491,3.441790788246493,-8.408681087140128,2.554033482875317
289,2.684190317660258,-7.401045098709977,-0.8068297074235264,-3.3732298537124557,9.95209836261343,-2.7919553936209462,-7.687431821209159,3.058277415873139,-9.640734425698732,7.597928537720307,-5.096884424112873,0.12130319670859535,0.5627176178537816,-0.8505015653101111,9.432350401412183,-4.093517067124026,9.379955913742215,-6.273122222124106
290,-2.939701550920999,-5.885730154099232,6.370932897668268,-5.94747410424117,5.361567009976472,-6.775106108748103,1.8182631870342938,3.323036293988924,-0.3390638096406047,8.041971870367522,-8.125638531081895,-6.980411519332459,0.24093199148961197,8.291485054154698,-0.7795101294605615,-3.8609263492244095,-0.44814920529406344,6.399893211890625
291,8.374445154704468,0.9233002211283914,-2.7841999475762496,-3.7862292258576407,-2.0874888338754127,-9.120537529349104,8.070569683619041,6.550959003160337,-3.4986190112877384,-6.185691527853656,4.981581992642653,9.99167758782023,-2.3253489640046414,0.3967434667649208,5.316933222014823,0.9912373507399312,-3.9341815662401647,6.277866065664291
292,-7.909658676927032,-4.529854735683201,9.156152434414494,4.945141280625041,6.72624985008202,6.6755748823713965,-1.4856352109383515,-8.107723229796402,-4.062865574825574,-0.2506117960715475,7.652651470877505,-6.658116924032116,-1.669723142251076,-6.258347881235117,6.217298648085425,2.4160077223641743,0.6416211138976493,0.6074145685861652
293,4.8030366793337365,-2.3049050408449485,-7.900069500909417,-7.903635437041316,6.814479394431572,2.694547228137104,6.873974109433579,7.125019375443934,-9.49329641485292,4.392093907446441,4.4325579697033834,9.446697095340053,2.876303281847667,5.80023505586977,-1.5431902872335908,-2.007019116294588,-2.743941101657164,2.930723837050607
294,8.96102345652886,-3.3794949644585763,9.168355322871122,-4.72469425802053,-2.4177221626616374,-0.6747506053811332,0.5420172840828901,5.373805661891524,-9.491737049196447,4.166281522756535,0.5669211715373912,4.0324340654996185,-0.016696870001105424,2.344376793801107,3.2811206878791506,-0.9575337591967052,-0.38514014755386583,2.0829307258525365
295,-1.9663038139325888,-8.947314580007982,-4.523734976475149,-7.164709874592356,-4.994540259832543,-0.6207549109693957,-1.4513193913305145,-6.7141358764604036,-7.493129616013389,-2.7081015354734443,8.257393591238767,2.819518387282116,-1.4414224531073003,4.498574997799631,1.5428667034580261,2.1362258739878364,-1.0740568217708741,-6.159819055027342
296,-8.44646443432721,3.578049864714689,-4.827928127132992,-0.3214749963047776,-3.885758785171312,-0.2768155310885021,-1.7983555544717227,9.471897879638668,2.7999371431518263,-8.530862544383202,3.445613635677365,-5.784916959486106,-2.591251421682892,4.965685961788985,-5.289169078495055,1.7978792143407656,-4.560908403841051,1.3930780077041849
297,8.136434191836784,5.214685844851246,3.174073410887388,8.302933207629042,-2.1580763469103488,7.9371991284457515,8.584798986513142,5.090834197922165,-5.631258531160206,-1.2609451613786309,-6.776827124686083,-6.912483852893978,0.5236472149607003,-1.6848783016623727,-5.190075783131498,-2.8874406635939547,3.2889553144964125,0.4987978944288791
298,-0.8977303121251001,-6.029256929042106,8.461612670172542,4.891985041760316,6.1973346005240835,-8.377161763297982,-4.530893064297727,5.201139755032946,1.277443015496365,9.900060619578774,6.245514043188226,3.0300831598535556,0.6985990812941765,9.702512770870758,2.4288221725496584,2.272814593083103,-5.905385543135315,-7.299331865906384
299,-7.039346077272619,-5.0269206594340154,-2.9751084986335785,1.9463979761411832,7.770170278185496,-0.25671438445917083,7.097374393910787,-6.247885307679484,2.0830361947499227,8.841959353417224,-0.976534867826377,4.487262249482818,0.4158112015354156,1.0609210312414916,7.5885362788954644,-1.227773754757644,-2.27242925645087,8.509219765503083
300,-2.077607501083108,-7.585110171779242,4.889054801900539,4.834463831746342,-0.9415314273174538,4.22173410349399,1.3586278813171564,6.086797188998251,-2.5700452445740085,-1.3441589446328628,-5.983475558239797,1.6461240524051401,-0.2983049746072588,4.707457193717897,-5.37394627622962,-4.282655319246061,9.43655161998355,-7.964712354730883
301,1.7070256360750875,-3.9875512925180656,3.1427252212389654,9.820903253828433,6.912614458558231,1.249066195442106,-7.887182239976996,6.2096839591116435,-7.778998395408488,-7.887050929933093,-8.901763947003715,-1.375079944823474,-2.217186565050091,8.590272508248542,-9.387632152215735,1.5843679525423209,-4.131699212491224,-6.01243961324429
302,5.573653202749615,-9.24101595433883,2.8772106784628004,6.90250867135407,6.054912453963222,9.447250224093082,1.1960792968386293,7.805785113536285,7.172746688884171,3.729604888932611,0.886247067009327,7.02918695060373,-0.5050146026743327,-0.390390180621802,6.021565666825957,4.403885630659479,-9.788485249186554,3.572492306632695
303,-6.001932877426086,-5.147197357712681,1.5532253664420175,-1.1432244553880349,-9.530840461656355,3.5184119014853383,5.25617626098375,-2.5775033876621993,0.8712574541899816,-5.685529635904755,-3.0144236920727945,1.6879377669541977,-2.0945951579569666,7.702232151934652,-6.292994823045863,-1.4896257779109252,1.936178507718271,-2.079983330661859
304,0.3512860338461028,3.8178191484361044,-7.402982405563772,0.07241828523826221,0.741863032700671,-4.606038920031141,-2.6656186896651484,5.790944181968801,-1.3461512053220996,6.988276497047071,8.179148664723105,4.1349447473672925,5.827093055687003,-9.81770998984302,-0.052658654951896366,-1.8739919924910708,9.2307957424768,-6.705857181972292
305,-5.026470327212261,-7.095638457419399,9.401552787659504,-8.64177177188266,8.315886514557764,8.028444207176538,9.499102733524904,-8.298128483554517,-6.543651364486838,6.052230063688899,-4.406673208295198,8.497326301822806,-0.5874728328510272,2.3593419423507136,6.687493656104152,-1.388912705432535,2.625207196798023,-1.430881867409683
306,-3.469471891927867,1.0279438110865406,-5.547965923189762,7.3023447740192395,-3.527677015114305,3.811383596053364,4.618242346665543,-0.6820088507448361,0.9746435218976046,-7.9504243220045385,8.764729697630017,8.90503598026967,1.2747815424788485,-9.665015826183192,-2.6575835558376752,1.8902518280670062,-1.550879457603422,8.583701061811482
307,0.20838422581123694,-2.6383079943528482,-2.083588455504266,-5.576137810455631,8.167977244558429,-1.7127290518593306,-7.1154172376664215,3.6877720155617055,-5.759296187564249,0.43758707788511053,8.007137806956145,-4.473040789508245,1.2515251924001412,2.0874355716916337,-4.333454053489967,-1.1023868238144114,3.5931630807562094,-4.907895563402313
308,-5.490193819630658,-3.0492897174997236,7.279468077911574,6.39470054988346,-9.036657738593878,2.5042613844088475,-1.0815325988168212,1.26471484548793,6.079655545405952,-5.703780867745327,-5.3592114389248895,-9.790670192219729,-6.840918547229862,9.858508941276497,9.641820630178366,-2.245633631219441,4.000145327760356,-9.076834825282127
309,7.020414041983528,0.222772833122864,-3.168174883977284,-3.4730800001875606,1.735585039206537,-3.2571101049760713,4.895129824494086,1.0145636821690083,-0.010676043425254633,4.3696576008983925,2.7013239941997185,-0.8260949261906738,3.2836769420475456,2.30591471611584,-2.295909873602202,-2.605762331195322,-1.133852671559623,1.189900679748611
310,-0.9017996229905307,8.62531488868126,-4.583540551577123,-8.320460044877933,1.9644346733188005,3.550859611354685,2.923026844735112,-8.7488285339365,-5.78835892434509,-3.321245387530851,4.443453693734325,1.1736565537161443,0.9293809080138757,-9.334486953175462,0.9414885331662859,5.587007888063976,-7.586588587027383,5.417725837595624
311,1.1187443988413275,-2.531647587025283,-8.638911899576371,-2.4839123050937806,-4.595121444745056,6.701203256364554,-7.270060698797957,2.647655571623446,1.8031814374932065,-8.497604114619712,6.7113936363269,-9.337060683370876,-1.6140510934408265,4.030240818563913,-5.755243121572555,3.33897436060691,-6.009136996906161,-2.472196301400153
312,-0.2900648849239662,3.183999430944283,-2.6055744393249247,-3.739340631123995,-7.907581600381244,-4.798612000344889,8.838287569063969,-3.8167956307979196,5.552298574280371,1.4755183315765272,5.7792897785456905,1.855896887263187,0.22209678237388886,0.7383526338323207,-1.6501486491297879,4.820888650514645,-7.8005797726383825,1.4697669734979364
313,0.8360792338990937,-3.5468878505490764,-2.7420678196905683,-2.5589101487631822,5.395190246148886,6.630801086232431,-4.32888201383858,-5.513874885889834,6.3997826922477685,7.037224086261169,4.413294534881583,6.763687554871488,1.749507406558573,-0.17687879891963298,4.354369563154046,-0.11379360830092011,-2.7166245315626085,6.59209493789794
314,8.348241184276105,5.477000416304161,-5.391113596291637,2.046623508751864,-8.026662547263978,0.888499580728741,9.650778250590406,-5.89300074763536,-6.499799852786106,-2.8424807753198245,8.950258575088945,-3.2307772146666363,1.223366538170648,-2.31772834720749,-6.949980472983192,-0.8566127503644481,0.5764911646812205,5.649367128332038
315,4.206602575665254,2.3912856613025735,-0.24819410570275302,1.5578857926863208,9.121692448084296,-3.506474064117393,-6.766783122382103,-6.712147055522502,-3.403239779937133,5.788348752337578,-2.6099207456869618,-3.633087686370642,2.684539128303925,5.881038471815952,-9.823749169390616,4.736767044349847,-8.59321904763524,-8.388982854525597
316,4.469929145599121,3.4218048249464665,2.911583597120517,-6.003829627807065,-5.693764430665144,7.204479494923529,5.1865584593162755,-5.023061758222498,-2.2957714057827587,-5.880302466373653,0.5154520455208385,8.83607835413363,-3.1227835820158063,1.0971798268276434,6.510810871766658,3.6805227450838114,-8.294178824374221,4.644282639048473
317,-6.245174379764262,-8.981657632533596,0.9875640252147111,2.4977385870277686,4.201388289472675,6.263202838212415,4.458195997648126,-3.6198648133551963,-1.7995762458805835,-1.3023903907255026,-9.028524597392472,-6.857043556078331,1.310785047901435,-7.629464150638436,-9.555881992350193,6.356813782108365,-4.273801611863268,-6.49636126560202
318,-2.9064891975370033,-9.779588136303076,-2.646593352045854,6.67574914526665,9.881272395703526,7.73306553372224,-6.781411520075357,0.09664534449800932,-5.100802435969132,-3.5932286801509328,-5.955813936751808,-7.96352045597863,-2.6653719942872467,5.64992786692671,4.241796022983115,-4.115324144719176,4.919460421869141,-5.343894787700137
319,-5.067991588113747,2.906369841040286,4.702425567439924,-4.081935700079679,7.092883780563589,-0.4429062055668602,-9.825652026542922,-5.962771731667964,-8.62343708293778,0.4474684690557922,2.385128069113801,8.231233087512532,0.9278364231426259,-3.999260238937392,2.6749988311098694,0.7631058244323228,-0.1380782050225875,2.799496997858588
320,-7.458456233279625,9.083160040218598,1.4935004679912272,6.951841438074368,9.826295738983198,7.616085648566727,-7.525095833890026,1.444761327688047,-9.094261964351414,0.738295767318391,4.158418553683315,-5.680539131059903,0.0458975378163462,9.738738086001405,-6.186289948889321,-0.6809242568473692,-4.0879164985160354,0.30176303706867813
321,-7.280290803174216,2.454619451641042,-7.844886107910007,-5.171720602544436,-3.3539247010671165,3.848550204174293,4.669230112754683,4.40582162534351,-2.294739691241043,0.7367304575190747,-2.0352836302185517,-1.8675046991963953,-0.494584141344518,-7.7742676387963705,5.699033583187207,5.779150868117259,-5.58550448174403,-1.4505969984320988
322,-7.052805002774578,-0.511983803674239,4.051721656269951,-4.6230363514333845,1.6545982917605517,8.54969936990953,-6.455752007236281,7.864741716222085,-2.6874563926168538,4.299563634790919,5.11100894108843,-6.540559213908576,1.922049331613131,-3.1916643123375206,-0.5280307869214695,4.723335098080565,-4.925714179122423,-5.55568388926555
323,3.0106846842020936,0.8859595871386343,9.897674442318888,9.240843965384023,-8.73909587891103,-5.97403852785555,9.427372475137702,4.620686545716186,6.51092134715125,-5.483148376404364,-6.193374809184656,1.4416653514004523,-1.0173369985173775,-6.3204960928374,4.05810728536281,-5.85147475559782,8.321043590832627,7.628512292257724
324,5.8115303749025,6.9763335855767075,-2.5680710999313057,0.6094535230085825,4.513082717428286,-3.419525307196796,-6.632490751734734,4.204209565876669,-6.81907821492876,0.027992363475508597,9.711567540471925,-5.466370365058624,4.226475553607351,-8.326904399706624,-6.864348496568744,6.445155601639705,-9.247300641154814,-0.8368029019704881
325,0.9300794016538223,-9.382269675404629,5.5361882580394415,-0.38302332426197516,9.042641746960186,-8.219994785149762,5.794722854104062,3.8659501356760195,-8.59513101585069,-8.481446902823004,-8.7510685197672,-8.263379250521417,-7.134461845240501,-1.4543220570634485,7.890522514815238,-0.08947310794111552,6.232230663225295,-3.101761438079029
326,1.4109557875733891,-1.4864482036194655,4.872705943871402,1.8833315985433092,-0.47361758767749684,-3.0179339273568413,1.5562393405021844,0.8529527973893014,1.6645524992355138,-9.356264127409402,-4.281414249339088,2.936364061206733,-6.490883079895939,9.910147497949978,9.528356416178788,-7.846870815695874,8.607371754971503,3.469119824678895
327,1.963912593094694,3.200398047706866,9.888269873446195,-3.6785391250340798,-6.892240212616407,5.920624090999876,1.0913027305808107,-7.074729047047796,2.064400777298941,4.745064903089297,-4.582919226208824,6.1373236399310045,3.6156374308668955,-4.533057762517297,-3.065044853124556,-2.43834063560735,1.0444091504584474,9.694364277296398
328,-0.167017609468175,-1.8696505533044654,1.8353597002962445,7.042919740224988,8.921564983103842,-4.401933303947079,-4.797492442142222,-7.464014392132063,-0.35851806477779746,-8.990767164723188,-1.7012660118947593,-3.253749918160187,-7.098707361835334,4.112980788481526,9.354295312500412,1.143572146615945,-6.275186417830478,9.91707949422753
329,-4.118695454326251,3.8185772507184446,-9.679986777985212,8.047530243216936,-1.4359378288116886,-1.1204486608435342,1.9170740238389854,5.60259689600179,8.771836549277573,6.294973713128368,0.5691492719556095,-8.039610651884468,-0.019081235482389047,4.618057572977444,2.8304480723174503,1.5965126578593711,-6.859209870398962,-0.01584780391658036
330,-5.819875976622074,-6.507520518331695,-8.297776520240896,-7.503351676402874,5.290167708356986,4.420805341504618,4.1906226716091055,7.402537676573292,3.4933441432857393,4.74430151022119,-3.871929957119347,-3.158256340350885,-1.6189493594519515,1.0363913562697054,7.381867149567029,-2.9479504815836304,4.218399727574816,3.636951032834128
331,9.76974295941531,1.3836199999900334,-2.1373338163436877,-1.8377039684132086,-3.94299035642927,-6.856598321511571,3.0196862338078816,5.169847901796526,4.177138909538886,6.304543450987737,6.308267958820423,-9.278209039226638,3.892227273237225,-8.901715613251287,-2.807117230346039,6.72921840802729,-9.977399835150148,0.5468628678386303
332,-1.962788362593571,0.9722509213675945,0.9253550530627201,-2.3100657916389267,8.035557325361175,5.025633267242117,-3.610816984479179,-4.182844187132728,-0.22984943069837271,-9.233061267780325,6.404717070145207,3.8748510043309903,-5.037274048674176,1.8606194319182734,9.089958212068346,2.9583080510371254,-8.424215378785158,8.938549371349708
333,5.618582389544152,6.679276971854659,1.6927533139541318,5.918425944957937,-3.347933066413731,-6.613015655977121,0.2432942639952973,-3.335521436531746,8.489517401707971,6.835212890107073,8.244842531409546,-7.361862977132212,3.876875198253879,-1.0994939911057422,-2.9756753955569692,-2.7168656190745866,3.7502431139294856,-2.144052340318914
334,-0.6882106441277749,-9.103603630946576,-0.0802029465593268,-8.037529610394195,-2.097731538296463,-2.6019644600854708,0.5539449978374495,3.2679632744512244,1.2915601075776895,-0.9304141645072939,2.2077054478139466,4.721715376766092,-0.48046868685838895,7.004928250259109,-2.9495229638690397,1.0213138747878396,-6.302529610595549,4.03752791678809
335,9.388107378033862,-0.9128606348861208,-5.192785111698641,-6.911068060859009,-4.329213609874463,-8.443888637835178,6.263678816868531,-1.7702626078278527,-4.468927085114869,-8.764530674422703,1.1617552217184794,5.139209470055242,-2.679188194359061,0.15326292080803583,2.616025325031897,-4.9441487081689495,8.009076834471042,4.388807003604347
336,1.4221930143141712,9.678022596030203,5.995230511211799,-0.30170285287727694,-2.4659629992401904,0.5884942255958165,7.804893139425481,-5.105174415807035,7.9299250438476285,-1.1714426063824863,-2.6912327588341878,-1.2594783985838802,-3.2478841895286,-6.593786991718444,7.484063144776499,9.060527503730647,-8.69143577839454,-5.305101565200987
337,5.5800559391159545,-1.223253273046323,-1.735732398470624,-7.781339376504405,-1.9541509328203404,-0.4469953751313618,4.910612063099515,9.093623087567153,8.458531337058705,3.538342378037747,-1.4226542018115325,-5.140867496984967,0.49347009070473646,-0.7832219603418302,0.5658578564394912,-5.456716748382682,9.243365057736462,2.1790688421990296
338,-9.261364115084916,-1.09767449622435,1.4963264482583973,-5.059980234818386,5.229034091141319,5.381823878856595,4.58679642397929,-5.446613344673493,-7.080965196471922,4.809297091271086,8.037251632599741,7.366540924307795,1.4954312552646414,7.883565722940954,3.181367015570686,-1.261796261866369,0.7553571979990785,-8.132931728687172
339,7.84276001042112,4.699373908481746,-2.7519724718288208,4.310156896208335,-7.376191196093509,8.294076937798781,7.99667860976146,-0.17436123134564063,-4.016647033212013,-4.213882293067856,-9.422422268635714,2.4224952863367513,-2.418116085265007,4.315199518929829,-3.5119556981631366,-2.0325873668819856,2.3456799080202178,-0.6120784185419819
340,-7.406778898020083,-4.3229767368103715,7.395800613917519,1.9247038709682087,-3.75577717586385,6.176376275944492,-5.106655010718892,6.781309354082072,-9.345333986892651,-4.6401989997877795,2.018719952463325,2.6314306974601998,-3.271834193210803,1.0245552395684925,6.798348842519545,-0.6655801188366173,0.9122154709156121,3.990532891262699
341,5.161443438190625,-5.223522376744114,0.758107107452922,-8.04970733299156,6.68550518276615,3.399066877399159,0.05341759308802274,9.829942434568586,-2.806562616012773,7.908112060246648,-6.925416122773762,-8.027339474407778,0.6575582041596526,0.7017609209497984,1.8312355666212738,1.2099972751655095,-7.094039552837552,6.889097820640703
342,3.8075491184355137,-2.613181437253502,8.013771997681346,8.57115618649511,7.29389292840834,8.762368389658285,1.6006982858240484,-6.099351817816208,8.500910511690698,-7.436084794752396,6.260660002363231,2.868679952213135,0.11497863233952188,0.1131310895310289,-4.929484297588809,-0.9784555810874718,3.0036164859206433,-5.771073633308969
343,-5.564652199246856,-4.251102857959208,5.428198957520658,5.761820950480519,5.988409711555629,2.855294063074309,-3.602223678927756,0.4967925011835028,-9.375681695174185,-2.574257458945908,-4.206381015473822,-3.4045895879714516,-1.0206749213496753,-7.4283769171560765,4.072871461390477,8.386742759722733,-7.865432102540179,-9.069167253175676
344,-5.363862950250136,-0.3760405494262642,1.4080689458987798,7.622160691639085,0.0640436220293914,-2.5496944936145383,-1.9432812138223792,-0.785601904711557,-8.1200878319547,-2.7928516201273883,5.639325143014419,-6.7925212293935395,-1.608796322302231,-4.977843470936907,4.28617882883983,4.6380578233125185,-2.242254889965796,-5.430493180075848
345,0.04429976832018312,0.9774698503482746,0.1763602742191921,-0.34150685829255245,8.861632802698043,6.92256212065071,8.72153963260206,3.626785730468855,-0.02087786203418318,-1.1646344270941675,-6.973279810721635,2.819553136398392,-0.39740734343488526,-8.823639126331695,5.102640394032553,-0.4521447263755327,6.416350266092444,-3.669748404068189
346,-6.821471810996096,4.867016273776528,8.702715994318602,-5.665391797171537,9.214860001005988,3.2598528862681917,9.477351576306493,-7.193905903332151,-1.2611483724918475,-1.2062602568064307,5.278222229970757,-1.772559038269474,0.08556974633704328,-3.784000705782857,3.401711188302377,-2.0525543490084246,1.034442698829034,8.351483119528265
347,-4.884364490393156,-2.41886535197946,0.3523825790172985,-1.884741214106766,-8.901549580407737,-7.441125615029938,-8.752522372963291,2.234217284399609,-5.9297060303903955,-2.72413162618403,1.1027850780110064,1.2911845193912548,3.0875720828942406,-6.964773990163584,-9.343902065551779,5.9880107998310095,-8.111287370303366,3.1680124183335536
348,8.725835398799223,3.695790766056346,6.400547690213639,-5.932270159634038,-1.770813900304205,-6.560516012383917,-7.774391190112599,-1.9808563588924795,-4.645346283000052,8.480589949421368,-2.9813407574895656,8.698297231693047,3.104148052561893,-7.011188487066784,2.1673988998986005,6.2328021089169,-9.220147120326946,3.195776895014678
349,6.152596376790061,-1.7365869375130423,5.984419926467346,-1.8096653878534674,-9.926356027043328,-7.406602578627379,6.480757101933698,-9.808030874106581,3.8456553569589715,-2.431779759519932,0.3362385853813272,-0.9963489374320176,-0.4623589348373507,6.968053919463468,-8.170482290416208,-0.29029319771863804,-5.614209082236938,8.835538373320478
350,3.124389878943701,3.2834404194790086,-9.151723652137067,5.912519368707528,3.186015711036987,5.915154983137096,6.854304867778332,-2.7012667656843163,6.3111270933315,1.434533161754345,-9.427033445390045,-4.9943382229725035,-1.5810055236451852,1.196546256197248,2.355783817697308,-5.685476349123817,9.954476226084115,-2.4539585322678725
351,-3.058377512692778,1.4709928752113726,4.584049226773475,-7.635021497265115,4.893441472301285,-0.7891187006156652,-8.00450535514068,-5.988082543499049,-4.308195531597687,5.99745205767406,-6.383891037275495,5.743067827831819,2.0343953991357573,8.116289616229292,-3.788376882679037,2.0793173479039044,-4.942341389192057,-9.460358853669293
352,-1.6704696878633207,-5.720497591917546,6.930896756801175,-7.754602365259753,9.351165656205374,-1.1126838265733792,2.6570418686305253,7.158514825700479,0.017793540070748293,1.8750182126764532,5.404466663437477,2.065441240410504,3.035737545579183,-3.564995494865988,-4.360653689126348,0.6241778582749884,-2.765140162671962,6.039242900855058
353,4.094989732057741,-8.243901286279646,3.5400282322871224,5.491148616334073,7.85420330745529,1.8629039865109824,5.249673027320787,3.3290482798136996,4.537516954796736,7.668411837339132,-2.7406927484937693,-5.457524219553321,0.5032392337962577,2.9430788012397198,4.0538196102618365,-4.228598973625557,2.9866944920644194,1.5139552587292542
354,-4.201735973540988,9.442041069720556,3.3355026319663494,8.87373954355645,0.12997920267997998,-5.81612362349329,4.834227055099289,-9.57323460245702,-0.3561489804266138,-1.8541673506048006,-8.40924466705648,-4.792783721806961,-3.103267879967701,4.791433036051693,-0.37419289849437476,0.5217390593861602,-2.284864174420351,0.1813565410687339
355,-4.717570592490816,-3.8595107105863473,0.38919492345472584,-5.711724887899736,-6.664959845846674,4.867822420990544,1.8978638401105385,4.950286989050156,-0.9699780202655042,-6.859216950795792,4.4617794022634865,-1.586700841589181,0.05263687280610618,-8.381332391098944,-0.7223127587404612,-0.3465275662668592,9.016343638494217,-6.8336758385430585
356,4.551148561384668,-6.433189236630559,-7.018300701429032,-5.509538186221041,5.705880358587143,0.49483334976913085,8.19459761311525,1.202994564463964,8.289132237602427,5.110791403235012,4.306828972801373,1.7435712806474406,0.5657605321478378,2.4098102567428814,4.036134405934771,1.7486152055252617,-7.751176788576634,5.105628310849475
357,5.607130551134425,5.1015121059586015,-2.62601235494132,1.9548599130453646,9.936271575928515,0.13529624758350245,4.202069752094593,6.242195047031288,-2.306924975610503,-1.3589022622234914,2.215578391746707,7.38234214167408,-2.2188100208339474,7.638996871844867,4.436805450128119,2.1663179368872783,-9.557602686406543,3.1339655543387615
358,-8.22478911195666,-3.372319479922094,5.4960312310435455,-0.3438850555798396,-1.3204641927464351,-3.8590322135747375,6.458042277645909,6.653058896468174,3.7982165610563534,-7.67877386733481,6.038449676599804,-8.601946538026965,-4.329594683783872,-4.4429693077008565,1.6150810502204394,8.406965487305964,-4.428339012027727,-9.667977776638644
359,5.49041444381306,3.801613041581472,7.491290060111389,-4.123508043459139,1.3138218886803266,3.924761796428349,1.4956397420471532,7.0356675902726025,-4.49950207227551,3.9261633274018486,-8.462220618489688,5.756231975384541,-0.6687096829802748,7.71977806324163,2.8124652787575943,-1.0569006661154,-1.3826940602842726,-5.031828169782397
360,-8.747896661504909,1.540281243995178,1.8373961423564786,-9.315528232878613,-7.465538810299515,3.745309106054382,-4.389456185690415,-5.517977633838123,-9.310530465185206,9.547403028064661,4.694352667532989,7.5329613585044655,4.512773323680737,8.788588737673976,-7.15535693876377,-1.8834126103320337,2.2465862229708335,-8.727453436114958
361,-6.837770205462119,0.037354349321001123,4.873472459347212,1.0037472670736847,-4.361307777705745,6.878595895199457,1.2294800992539052,-4.280136182712604,4.624201321561749,6.3991901218089176,-1.0402483694467612,-2.0358259558540333,3.389047561587695,1.3989876450035865,-6.436668209159668,0.4409947053836998,1.236729809583025,-9.423678974161117
362,-4.823071138220971,2.7916312483705656,9.970843397694026,9.034412229845408,2.077872403179841,-5.114157680632772,-2.9185512032918286,3.412016936726719,-0.7488348225373969,-3.6143585907989877,6.122599307211406,-5.336167024706886,-1.491823878802057,-6.270554167356661,2.249708241551321,1.2835381628438913,7.113411161186253,-9.589021825946688
363,-1.7471393148003465,3.4217980575083047,5.031385405064071,3.6246918086727593,7.293482568960975,6.389475762696609,-5.779300346114226,8.147136586429756,-7.5329949520304185,8.84875172870052,0.7446859530954306,9.290717520227076,3.9354825480937823,-0.044735773413489,1.638260103708003,-8.417129346891706,8.723810213555161,8.739659157971744
364,-8.820037125561655,-9.738911028487465,1.2005232254497429,-7.422827175040925,5.931077425965924,9.464596493081178,-9.494385963438955,-3.9825210360593255,-8.727572631717804,6.293257509834138,-1.4785918464236207,-2.9895726517226677,3.635196877259565,-3.3677319820930123,-2.159661745207604,-1.602243269919036,7.069017966717595,-7.182655597438066
365,8.229683093055037,-8.074846542042508,-7.6589533309878615,-4.740093179409131,2.2847035989075586,-1.6705374487191005,-0.4081244207586394,5.7473788345703944,-3.2639045767875885,-9.4437364848571,4.935064574777533,2.691524760358991,-4.643673677763953,2.2288904367156555,3.0548832543069473,6.148039862224955,-7.1301840726524635,-4.880131901308404
366,5.981460960235207,-6.290240915896447,-4.980548233457802,-7.5564020196846755,2.162400790468869,-7.734135168856264,0.3273834816472707,7.432499476975714,-9.597979698664185,-8.404351431440503,1.114219336002158,-6.81604603256295,-2.9886507403149736,1.4974703995606902,-1.7694739547474843,1.985457682500515,-1.538571367104426,-2.1943054847896626
367,-1.7810104530778492,-5.0252377110618145,-6.818557718779896,-7.582969911778918,-2.9699117383372453,1.0798182400600371,8.604036909590992,0.24155916358477114,9.959552435107753,6.806276298697572,0.28394774052553373,-0.27476438759257604,3.1308251001610117,-9.533393343045802,4.74487651890872,-0.061294685535589366,5.420908027351601,-4.522393952438872
368,0.31943794573048834,-9.218257516573447,-5.42431696953445,-9.400167770030745,4.57392965882809,7.431381019239161,-7.494927550073937,-0.21573707134816367,8.559663818001933,-7.932971634405783,7.104143177461108,9.626526863934501,2.8218865777526236,-5.536616141150434,-5.923915939416746,-0.30636357688001503,3.2473902622431865,-2.48711301781438
369,0.05542886183595641,4.021553593538098,-2.459631418073645,9.949234544536086,-5.297043220318011,-4.108409786036495,-5.9540411387862395,-6.023634339807906,-0.850871103234855,-5.727406743424924,6.292667331425768,3.5118933216307706,-1.041885088061612,9.308188026598977,-3.63031614972474,-3.370705092133665,-0.516409431896367,4.728366362619807
370,-1.3009357447716319,4.117148557857281,-4.046562010589851,5.092175411135543,-4.199205382058526,7.624522261631604,-9.273094980216317,-3.0916328986355524,8.81973754586381,-7.137570315650013,3.72458464455082,-2.9282385411835303,-1.297036906064692,-0.2143456311539822,1.060139103566593,-3.793446211276832,8.613958458261148,-5.751845546125303
371,4.613828759812611,-7.533711323709658,7.204926652445131,-6.303288190444329,-5.8821199882806035,8.00191967774333,-9.079203446527881,9.698513234359162,5.312805932298687,-7.510093197705432,-5.974410934374861,-9.029434361244027,0.1334309899248769,-9.778691731498107,-8.673701954750063,4.233213790197839,0.8818878612858345,-5.381807772988864
372,8.613043720498673,-8.615714120115445,-2.753693656395459,-7.9309578842816215,-6.990452622383845,6.708895848755137,9.87062010382608,-2.160715136544815,5.397422882291419,-6.776788536106178,7.043569046462878,7.992233815036737,-3.330084301409915,1.5924313502133387,8.596185823646113,0.8979126427399997,-3.50102917187586,3.854708499677935
373,-5.173962571676669,-1.6449775463993568,4.3273837795542605,4.784714656287026,7.042286311262803,-2.2859848798394573,-2.3843055730599634,4.234793020671365,1.9209357318543745,8.493511022390564,-1.1676712051607296,0.2185140823373981,1.4461574011289358,-4.971517343801864,2.98999150501259,6.70719241396262,-7.7716683517000344,-3.320960744305168
374,-8.041166199181065,-1.3402538419670762,-4.883232214563941,5.456060070816077,2.1158473939865416,-0.2377244348693779,0.8500351306845211,8.220105543596596,9.332152724503516,-6.057598597318514,8.743524014860327,-2.32903225747108,0.2375230574306446,-9.293932866229982,-2.857592630907373,3.4733154773763744,1.3153150548602817,-3.0488949737959192
375,9.16338437653685,-9.224138840867651,5.091042222937062,-8.333187564537027,2.4190900158891093,2.294501938543762,-1.0055061183567275,1.4737073122450521,2.749869266032995,-6.166217201653437,4.101484047068851,-8.226249614365248,-4.213762462021027,-4.255865146934452,8.790790500600561,-0.920828351092954,7.065044986414762,-2.8867570698850775
376,1.4237178583810088,-0.7159590490794354,-2.194707403070348,2.444094264341528,0.5755955855332431,-9.86273281754491,4.940969481025647,-9.164825287988801,4.316008321509193,-9.689470491714278,7.930726355666035,3.453742981259559,-2.665811760343977,1.5620542945236089,-2.148304854490397,6.912380642710183,-8.90767810050598,-3.885645478075677
377,-8.848740389448942,-2.310535986235543,-8.511614946169852,3.637288357488435,5.8412163950131735,-9.19705567280639,-6.110237517965014,2.9994702415615073,-4.656108639886054,-6.578197801296595,8.603833241416709,4.783923881582377,-0.8676944206987098,-9.394256141283467,4.069962771473412,4.2422337877559855,2.1454914785192827,-6.03372308409819
378,1.75086835583555,-7.770799140967348,3.8102155455986146,7.6052424142209,0.825996950267065,-8.832662468615293,9.932914556385597,1.7253904306842003,7.680209443554045,-9.312064166873505,-0.36525997200508087,8.17851734457959,-3.0129831338981354,-0.03979670894293719,0.37769296401566343,-2.861488175705418,8.073871778499758,-2.0362265958105645
379,-0.24358891889550982,-6.809271238459418,7.33022231381571,-8.381054551130742,2.1890598771480008,0.0029010888533846924,-0.5999774760752068,-7.279486538536524,1.0133791392190101,3.7905519179198137,1.9379443322353502,9.368902756312778,3.3169676604365677,4.264230806407671,-8.223785105588348,0.5442683411270579,-2.2785773822329825,-2.514535884695923
380,6.2767548068778645,7.628429525326265,-4.856653652536648,8.482874241398392,4.6632085245116865,1.6505519728143465,3.2692817196741863,2.726831646693748,-5.0310945577092685,2.9927188068318333,5.911198366968296,-5.403704301813901,-2.1341413600209957,2.3958059294733687,9.615845078530409,2.459525979958217,-4.080818495411442,-5.739034267235777
381,-9.085656079759728,3.551860971407928,4.659107360704445,5.5223169371664245,8.626626068795314,6.652008608781269,-2.5395589223466715,-3.1570376121788453,3.381906549619238,2.2411550021519293,-6.759008954623842,-7.013640769884109,-1.9188252733021898,5.296586756260782,1.7488249522359958,-1.0864453403788144,-1.6102351973309403,2.5755616678037914
382,-8.668395298365434,3.033534143947117,-1.6745265696611948,2.966102460526619,6.5202075470725305,-0.12530589661089309,5.0842245226152,-0.6768605910920478,-2.36156518722328,-4.711937327798179,3.279420586502413,4.397664473136391,0.5664255265784117,-5.068224515746527,-1.7807106699667088,1.9989189926957742,0.11204878753531133,-2.056473509573779
383,-3.3015290790436502,3.490324272502999,-5.564727991183938,-5.544464335833997,1.7911017390789574,5.675820471802947,1.832446793779031,6.180268304799313,1.7426549023174225,-0.2866508647668162,-8.484857655555857,9.264800132084542,-1.9359618378077776,-6.364240229707175,9.577983298255223,3.446861000836014,-1.3400572053761195,-1.841357679984828
384,-7.195531958154433,-6.429733684030447,9.024013714418832,-9.374413740627748,8.696611352415637,-7.027804743838253,8.676409826673964,4.317013364240728,9.596860411526983,-4.7268917083774165,-2.8935465686047728,-1.1675629461593005,0.6402501258681621,-8.318705657050089,-0.36277394708341504,1.600334981805716,2.316093364552419,-4.370331740262456
385,-3.2284164832710127,2.9286996822894125,-0.49997183261292655,8.636902756205657,-7.863959843807999,-0.3842096922971887,-1.7325761556545487,8.963330431947647,-4.882999649243143,5.8705337530531025,-5.0868366941139165,-6.533543381471201,2.989055255690463,-4.333527707524265,-2.9065118127827905,-2.176398507909938,4.024501707324468,1.2549191318776565
386,-6.134859011217719,-4.013438200412482,1.7206821779308594,-4.8212612885185475,0.8899737158897523,-1.162262739686554,-1.595612903823234,-5.397260346423931,-3.368646107845592,-4.6928110703852415,-4.263762369636792,6.0906399280842685,-2.655176812435334,-2.46204677816094,6.443925017047885,4.574720900595306,-6.439219602579893,2.4801149824645474
387,-7.416651178110305,-1.5140240572948134,-9.568259887775305,4.185806695705413,-5.800919717233133,8.38792511340003,1.7984332747376985,-0.4273659912088039,4.744301313311105,1.1053592458211448,-7.434961258038102,-0.8130889904169791,-2.8749225235101754,4.619676557465841,5.316892491742669,3.348606133362029,-8.003160190879656,1.1518902821135129
388,0.9861972876656395,-3.571633183135736,-4.568535990886568,-1.5285104679492978,-8.767387627980083,-2.7837453600394184,8.27596402275519,9.2696242747751,-4.426196950454965,2.4981124249313673,-6.24998536823891,-0.2871913568994273,-1.2654805969835419,5.9937677147001,4.49112662167307,-4.41467631393172,4.951131381765652,-2.400059164657316
389,-5.894386857628923,-0.976268930348045,4.969777210899544,2.005151226693691,4.013282876062934,-4.703674174160579,7.695570633310208,9.91115960039835,2.1439234289470406,8.114502401622964,8.950957508193092,9.314185494565738,4.572021113713076,9.5216653070773,-2.39003222852884,-8.611785162186361,5.658401260436106,2.4830041228913284
390,5.008077082346734,-7.645910060505939,-6.318002128641382,9.428314090329618,-4.225389814215399,-2.945530558023015,7.596801822970427,-1.525430753384697,6.279707346829522,-4.594600473319592,-8.72831299425142,-9.78125048332984,-0.353014661010846,-5.546289520544727,-9.766897696320392,6.384732769318148,-3.5577470939352267,-8.847884370609718
391,-0.32136686337659803,4.842580855969668,2.6124479479980245,-4.130742035228883,-4.896866017561687,-4.103833849165994,1.8937949347984748,-9.279490381563459,3.1381056656126542,-5.837469006221314,2.3391523599903756,-9.948256927081871,-2.02071098286551,0.8618797626317374,-4.233283825725116,-3.262173880986765,6.104679318904672,3.481434195129655
392,4.9954982956836815,-3.411172865900909,-3.5446481393961964,-9.85890781054115,-5.082659890882278,3.4817880861688604,0.1611213270201688,8.59093982833106,-2.839338094321704,-6.279221758628742,-1.189234665225257,-7.158604907094473,0.5267202012459862,-3.9341961298210855,-7.3837945868348225,-0.3079286543039679,2.8859049602172533,-0.6877126415699912
393,-0.525607723789296,9.732402073337969,-6.565026521510687,-0.17056248099427584,0.011663395085545147,4.540202220826135,4.819887695287113,6.654880421290308,9.099716228381006,0.6535431975110804,-0.47055685946065395,4.819597873931036,0.7971767847475224,4.6371267536577285,-4.527382226453243,-3.067278387280055,4.323513299089081,-3.378997130374346
394,-5.188055617694229,-3.0051561567736034,-0.7677946282157411,-7.611246244891108,3.5059823960253063,-5.423476710884363,6.937784376233619,9.217047118808757,-3.589400647737473,-9.096406702650068,6.184705599944845,-5.629916209964345,-6.067651307381048,-1.627558461828663,9.287235934946981,3.0388314679464035,-3.460751221123033,5.880599767732502
395,-6.110308277004462,4.768931085507894,4.657495904311562,-2.2748940912175613,-1.344445852163524,1.8026051794359699,4.319443172962757,-8.933666407303411,4.912190343435864,-6.084890089667045,-6.530513452830702,1.5092777480163928,-1.1998647907022413,-2.8652183587672075,-7.616343114826414,8.667755413392648,-7.354214785105498,-9.609371567071108
396,-6.468459920757894,7.904430019061131,2.5169437452953005,-1.2470451480057765,-5.862719994797212,6.592251904099431,-4.799989609026589,-4.020824832533137,3.4411153863799644,3.61576807537023,-0.7097879388844124,-6.755493366770957,4.641477102237118,-5.24292553398626,-7.734923584794151,-5.12864651543145,6.979598709265826,4.9262482293339005
397,-8.476236964317819,-7.693556780852995,-7.266787788513116,7.017289539861956,-3.553794996101196,-4.696659750532987,-2.141151362668672,-3.9180909823093524,2.2907630602383158,5.194695995855465,-8.599227862996603,7.1587520422738535,6.668466266742811,-9.875249285032051,-7.486443400938773,-2.0229598556533235,6.725005645856225,-2.2228335878567584
398,9.864024058090294,-7.876312617389596,-9.881418684327802,3.1593234481058587,-0.8246430575963171,5.563671153365519,-1.6941233251432681,6.08858955410275,-2.6647687980072865,-1.568386569192148,8.791810883900826,-9.642833229231107,-0.09850255137774866,-4.838009436121869,1.586912494713479,-1.7170261975238539,8.618769602047706,-7.56684116075498
